locality,bhk,furnished,condition,type,price
Koregaon Park,1,Furnished,Rent,None,36216
Koregaon Park,1,Furnished,Rent,None,29117
Koregaon Park,1,Furnished,Rent,None,28806
Koregaon Park,1,Furnished,Rent,None,29951
Koregaon Park,1,Furnished,Rent,None,30632
Koregaon Park,1,Furnished,Rent,None,38061
Koregaon Park,1,Furnished,Rent,None,29403
Koregaon Park,1,Furnished,Rent,None,34727
Koregaon Park,1,Furnished,Rent,None,29067
Koregaon Park,1,Furnished,Rent,None,28818
Koregaon Park,1,Furnished,Rent,None,29581
Koregaon Park,1,Furnished,Rent,None,37587
Koregaon Park,1,Furnished,Buy,New,9374299
Koregaon Park,1,Furnished,Buy,New,8417227
Koregaon Park,1,Furnished,Buy,New,9354623
Koregaon Park,1,Furnished,Buy,New,8848814
Koregaon Park,1,Furnished,Buy,New,8960832
Koregaon Park,1,Furnished,Buy,New,8500398
Koregaon Park,1,Furnished,Buy,New,9363523
Koregaon Park,1,Furnished,Buy,New,8656260
Koregaon Park,1,Furnished,Buy,New,8537497
Koregaon Park,1,Furnished,Buy,New,7538863
Koregaon Park,1,Furnished,Buy,New,9100437
Koregaon Park,1,Furnished,Buy,New,8729381
Koregaon Park,1,Furnished,Buy,PreOwned,7098880
Koregaon Park,1,Furnished,Buy,PreOwned,7075157
Koregaon Park,1,Furnished,Buy,PreOwned,6265895
Koregaon Park,1,Furnished,Buy,PreOwned,6813628
Koregaon Park,1,Furnished,Buy,PreOwned,6656692
Koregaon Park,1,Furnished,Buy,PreOwned,6151307
Koregaon Park,1,Furnished,Buy,PreOwned,6207602
Koregaon Park,1,Furnished,Buy,PreOwned,6573483
Koregaon Park,1,Furnished,Buy,PreOwned,6453858
Koregaon Park,1,Furnished,Buy,PreOwned,7560521
Koregaon Park,1,Furnished,Buy,PreOwned,7171978
Koregaon Park,1,Furnished,Buy,PreOwned,6983413
Koregaon Park,1,Non-Furnished,Rent,None,25479
Koregaon Park,1,Non-Furnished,Rent,None,23877
Koregaon Park,1,Non-Furnished,Rent,None,25172
Koregaon Park,1,Non-Furnished,Rent,None,27311
Koregaon Park,1,Non-Furnished,Rent,None,23060
Koregaon Park,1,Non-Furnished,Rent,None,23130
Koregaon Park,1,Non-Furnished,Rent,None,27852
Koregaon Park,1,Non-Furnished,Rent,None,26727
Koregaon Park,1,Non-Furnished,Rent,None,27008
Koregaon Park,1,Non-Furnished,Rent,None,23371
Koregaon Park,1,Non-Furnished,Rent,None,26357
Koregaon Park,1,Non-Furnished,Rent,None,24912
Koregaon Park,1,Non-Furnished,Buy,New,8892799
Koregaon Park,1,Non-Furnished,Buy,New,7573811
Koregaon Park,1,Non-Furnished,Buy,New,7149077
Koregaon Park,1,Non-Furnished,Buy,New,7927744
Koregaon Park,1,Non-Furnished,Buy,New,7629489
Koregaon Park,1,Non-Furnished,Buy,New,7160093
Koregaon Park,1,Non-Furnished,Buy,New,7478993
Koregaon Park,1,Non-Furnished,Buy,New,8867649
Koregaon Park,1,Non-Furnished,Buy,New,8496189
Koregaon Park,1,Non-Furnished,Buy,New,7604189
Koregaon Park,1,Non-Furnished,Buy,New,6711233
Koregaon Park,1,Non-Furnished,Buy,New,7097176
Koregaon Park,1,Non-Furnished,Buy,PreOwned,6452943
Koregaon Park,1,Non-Furnished,Buy,PreOwned,6540976
Koregaon Park,1,Non-Furnished,Buy,PreOwned,6594499
Koregaon Park,1,Non-Furnished,Buy,PreOwned,6582486
Koregaon Park,1,Non-Furnished,Buy,PreOwned,5946260
Koregaon Park,1,Non-Furnished,Buy,PreOwned,6305346
Koregaon Park,1,Non-Furnished,Buy,PreOwned,5776251
Koregaon Park,1,Non-Furnished,Buy,PreOwned,6113284
Koregaon Park,1,Non-Furnished,Buy,PreOwned,6205428
Koregaon Park,1,Non-Furnished,Buy,PreOwned,6149860
Koregaon Park,1,Non-Furnished,Buy,PreOwned,5702158
Koregaon Park,1,Non-Furnished,Buy,PreOwned,6335959
Koregaon Park,2,Furnished,Rent,None,59182
Koregaon Park,2,Furnished,Rent,None,54466
Koregaon Park,2,Furnished,Rent,None,55647
Koregaon Park,2,Furnished,Rent,None,50736
Koregaon Park,2,Furnished,Rent,None,56492
Koregaon Park,2,Furnished,Rent,None,53880
Koregaon Park,2,Furnished,Rent,None,49489
Koregaon Park,2,Furnished,Rent,None,54222
Koregaon Park,2,Furnished,Rent,None,54887
Koregaon Park,2,Furnished,Rent,None,59160
Koregaon Park,2,Furnished,Rent,None,51546
Koregaon Park,2,Furnished,Rent,None,50809
Koregaon Park,2,Furnished,Buy,New,13870091
Koregaon Park,2,Furnished,Buy,New,12643325
Koregaon Park,2,Furnished,Buy,New,12898164
Koregaon Park,2,Furnished,Buy,New,14564423
Koregaon Park,2,Furnished,Buy,New,12336877
Koregaon Park,2,Furnished,Buy,New,12250106
Koregaon Park,2,Furnished,Buy,New,14416102
Koregaon Park,2,Furnished,Buy,New,13587460
Koregaon Park,2,Furnished,Buy,New,14579468
Koregaon Park,2,Furnished,Buy,New,13290302
Koregaon Park,2,Furnished,Buy,New,13277873
Koregaon Park,2,Furnished,Buy,New,13293255
Koregaon Park,2,Furnished,Buy,PreOwned,12258565
Koregaon Park,2,Furnished,Buy,PreOwned,12100558
Koregaon Park,2,Furnished,Buy,PreOwned,11281139
Koregaon Park,2,Furnished,Buy,PreOwned,11641090
Koregaon Park,2,Furnished,Buy,PreOwned,11576472
Koregaon Park,2,Furnished,Buy,PreOwned,12443627
Koregaon Park,2,Furnished,Buy,PreOwned,12333098
Koregaon Park,2,Furnished,Buy,PreOwned,12355905
Koregaon Park,2,Furnished,Buy,PreOwned,11773456
Koregaon Park,2,Furnished,Buy,PreOwned,12938159
Koregaon Park,2,Furnished,Buy,PreOwned,12084159
Koregaon Park,2,Furnished,Buy,PreOwned,11445913
Koregaon Park,2,Non-Furnished,Rent,None,43020
Koregaon Park,2,Non-Furnished,Rent,None,44821
Koregaon Park,2,Non-Furnished,Rent,None,46561
Koregaon Park,2,Non-Furnished,Rent,None,46356
Koregaon Park,2,Non-Furnished,Rent,None,43798
Koregaon Park,2,Non-Furnished,Rent,None,43820
Koregaon Park,2,Non-Furnished,Rent,None,45049
Koregaon Park,2,Non-Furnished,Rent,None,44428
Koregaon Park,2,Non-Furnished,Rent,None,45528
Koregaon Park,2,Non-Furnished,Rent,None,47698
Koregaon Park,2,Non-Furnished,Rent,None,46800
Koregaon Park,2,Non-Furnished,Rent,None,43491
Koregaon Park,2,Non-Furnished,Buy,New,12097546
Koregaon Park,2,Non-Furnished,Buy,New,13252833
Koregaon Park,2,Non-Furnished,Buy,New,12085527
Koregaon Park,2,Non-Furnished,Buy,New,11468407
Koregaon Park,2,Non-Furnished,Buy,New,13034291
Koregaon Park,2,Non-Furnished,Buy,New,11929399
Koregaon Park,2,Non-Furnished,Buy,New,12847904
Koregaon Park,2,Non-Furnished,Buy,New,12218791
Koregaon Park,2,Non-Furnished,Buy,New,13204436
Koregaon Park,2,Non-Furnished,Buy,New,11648731
Koregaon Park,2,Non-Furnished,Buy,New,13193006
Koregaon Park,2,Non-Furnished,Buy,New,12796574
Koregaon Park,2,Non-Furnished,Buy,PreOwned,11079320
Koregaon Park,2,Non-Furnished,Buy,PreOwned,11499179
Koregaon Park,2,Non-Furnished,Buy,PreOwned,10958587
Koregaon Park,2,Non-Furnished,Buy,PreOwned,11149809
Koregaon Park,2,Non-Furnished,Buy,PreOwned,10873346
Koregaon Park,2,Non-Furnished,Buy,PreOwned,11589192
Koregaon Park,2,Non-Furnished,Buy,PreOwned,11375022
Koregaon Park,2,Non-Furnished,Buy,PreOwned,11199105
Koregaon Park,2,Non-Furnished,Buy,PreOwned,11326047
Koregaon Park,2,Non-Furnished,Buy,PreOwned,11464732
Koregaon Park,2,Non-Furnished,Buy,PreOwned,10910629
Koregaon Park,2,Non-Furnished,Buy,PreOwned,11006748
Koregaon Park,3,Furnished,Rent,None,82378
Koregaon Park,3,Furnished,Rent,None,75652
Koregaon Park,3,Furnished,Rent,None,81079
Koregaon Park,3,Furnished,Rent,None,76173
Koregaon Park,3,Furnished,Rent,None,75318
Koregaon Park,3,Furnished,Rent,None,82919
Koregaon Park,3,Furnished,Rent,None,77163
Koregaon Park,3,Furnished,Rent,None,82265
Koregaon Park,3,Furnished,Rent,None,76672
Koregaon Park,3,Furnished,Rent,None,80381
Koregaon Park,3,Furnished,Rent,None,79744
Koregaon Park,3,Furnished,Rent,None,79923
Koregaon Park,3,Furnished,Buy,New,20268013
Koregaon Park,3,Furnished,Buy,New,20456596
Koregaon Park,3,Furnished,Buy,New,20723141
Koregaon Park,3,Furnished,Buy,New,21039622
Koregaon Park,3,Furnished,Buy,New,19442451
Koregaon Park,3,Furnished,Buy,New,20227041
Koregaon Park,3,Furnished,Buy,New,20365567
Koregaon Park,3,Furnished,Buy,New,20861737
Koregaon Park,3,Furnished,Buy,New,19967178
Koregaon Park,3,Furnished,Buy,New,21917509
Koregaon Park,3,Furnished,Buy,New,19953013
Koregaon Park,3,Furnished,Buy,New,21033597
Koregaon Park,3,Furnished,Buy,PreOwned,18999152
Koregaon Park,3,Furnished,Buy,PreOwned,18829053
Koregaon Park,3,Furnished,Buy,PreOwned,19454735
Koregaon Park,3,Furnished,Buy,PreOwned,19180792
Koregaon Park,3,Furnished,Buy,PreOwned,19588043
Koregaon Park,3,Furnished,Buy,PreOwned,18848613
Koregaon Park,3,Furnished,Buy,PreOwned,18803853
Koregaon Park,3,Furnished,Buy,PreOwned,19573142
Koregaon Park,3,Furnished,Buy,PreOwned,19257113
Koregaon Park,3,Furnished,Buy,PreOwned,18754832
Koregaon Park,3,Furnished,Buy,PreOwned,19300638
Koregaon Park,3,Furnished,Buy,PreOwned,18958716
Koregaon Park,3,Non-Furnished,Rent,None,70627
Koregaon Park,3,Non-Furnished,Rent,None,69914
Koregaon Park,3,Non-Furnished,Rent,None,72770
Koregaon Park,3,Non-Furnished,Rent,None,71900
Koregaon Park,3,Non-Furnished,Rent,None,72726
Koregaon Park,3,Non-Furnished,Rent,None,72104
Koregaon Park,3,Non-Furnished,Rent,None,71648
Koregaon Park,3,Non-Furnished,Rent,None,70288
Koregaon Park,3,Non-Furnished,Rent,None,70411
Koregaon Park,3,Non-Furnished,Rent,None,72147
Koregaon Park,3,Non-Furnished,Rent,None,69384
Koregaon Park,3,Non-Furnished,Rent,None,69218
Koregaon Park,3,Non-Furnished,Buy,New,20976793
Koregaon Park,3,Non-Furnished,Buy,New,19798096
Koregaon Park,3,Non-Furnished,Buy,New,18872783
Koregaon Park,3,Non-Furnished,Buy,New,19913387
Koregaon Park,3,Non-Furnished,Buy,New,19712337
Koregaon Park,3,Non-Furnished,Buy,New,19155176
Koregaon Park,3,Non-Furnished,Buy,New,19255479
Koregaon Park,3,Non-Furnished,Buy,New,19973036
Koregaon Park,3,Non-Furnished,Buy,New,18368595
Koregaon Park,3,Non-Furnished,Buy,New,19710282
Koregaon Park,3,Non-Furnished,Buy,New,19430555
Koregaon Park,3,Non-Furnished,Buy,New,20393494
Koregaon Park,3,Non-Furnished,Buy,PreOwned,17941648
Koregaon Park,3,Non-Furnished,Buy,PreOwned,18270607
Koregaon Park,3,Non-Furnished,Buy,PreOwned,18218919
Koregaon Park,3,Non-Furnished,Buy,PreOwned,18152240
Koregaon Park,3,Non-Furnished,Buy,PreOwned,18014817
Koregaon Park,3,Non-Furnished,Buy,PreOwned,18490246
Koregaon Park,3,Non-Furnished,Buy,PreOwned,17979311
Koregaon Park,3,Non-Furnished,Buy,PreOwned,18083281
Koregaon Park,3,Non-Furnished,Buy,PreOwned,18307726
Koregaon Park,3,Non-Furnished,Buy,PreOwned,18001529
Koregaon Park,3,Non-Furnished,Buy,PreOwned,18181177
Koregaon Park,3,Non-Furnished,Buy,PreOwned,18595975
Koregaon Park,4,Furnished,Rent,None,133096
Koregaon Park,4,Furnished,Rent,None,130882
Koregaon Park,4,Furnished,Rent,None,130328
Koregaon Park,4,Furnished,Rent,None,128104
Koregaon Park,4,Furnished,Rent,None,127178
Koregaon Park,4,Furnished,Rent,None,126571
Koregaon Park,4,Furnished,Rent,None,126276
Koregaon Park,4,Furnished,Rent,None,125841
Koregaon Park,4,Furnished,Rent,None,129537
Koregaon Park,4,Furnished,Rent,None,125663
Koregaon Park,4,Furnished,Rent,None,127821
Koregaon Park,4,Furnished,Rent,None,125641
Koregaon Park,4,Furnished,Buy,New,27565971
Koregaon Park,4,Furnished,Buy,New,28096173
Koregaon Park,4,Furnished,Buy,New,27315397
Koregaon Park,4,Furnished,Buy,New,29646291
Koregaon Park,4,Furnished,Buy,New,28010393
Koregaon Park,4,Furnished,Buy,New,28563182
Koregaon Park,4,Furnished,Buy,New,29367433
Koregaon Park,4,Furnished,Buy,New,29119318
Koregaon Park,4,Furnished,Buy,New,29105325
Koregaon Park,4,Furnished,Buy,New,28309498
Koregaon Park,4,Furnished,Buy,New,29508403
Koregaon Park,4,Furnished,Buy,New,29405757
Koregaon Park,4,Furnished,Buy,PreOwned,27157069
Koregaon Park,4,Furnished,Buy,PreOwned,27575082
Koregaon Park,4,Furnished,Buy,PreOwned,27224572
Koregaon Park,4,Furnished,Buy,PreOwned,27044842
Koregaon Park,4,Furnished,Buy,PreOwned,27284868
Koregaon Park,4,Furnished,Buy,PreOwned,27496692
Koregaon Park,4,Furnished,Buy,PreOwned,26299006
Koregaon Park,4,Furnished,Buy,PreOwned,27150842
Koregaon Park,4,Furnished,Buy,PreOwned,27182066
Koregaon Park,4,Furnished,Buy,PreOwned,27459222
Koregaon Park,4,Furnished,Buy,PreOwned,26529592
Koregaon Park,4,Furnished,Buy,PreOwned,26825136
Koregaon Park,4,Non-Furnished,Rent,None,119695
Koregaon Park,4,Non-Furnished,Rent,None,120189
Koregaon Park,4,Non-Furnished,Rent,None,121145
Koregaon Park,4,Non-Furnished,Rent,None,120758
Koregaon Park,4,Non-Furnished,Rent,None,121903
Koregaon Park,4,Non-Furnished,Rent,None,120705
Koregaon Park,4,Non-Furnished,Rent,None,122867
Koregaon Park,4,Non-Furnished,Rent,None,120877
Koregaon Park,4,Non-Furnished,Rent,None,120136
Koregaon Park,4,Non-Furnished,Rent,None,119884
Koregaon Park,4,Non-Furnished,Rent,None,121754
Koregaon Park,4,Non-Furnished,Rent,None,122097
Koregaon Park,4,Non-Furnished,Buy,New,27599695
Koregaon Park,4,Non-Furnished,Buy,New,27975437
Koregaon Park,4,Non-Furnished,Buy,New,27971520
Koregaon Park,4,Non-Furnished,Buy,New,27865595
Koregaon Park,4,Non-Furnished,Buy,New,27777481
Koregaon Park,4,Non-Furnished,Buy,New,27342618
Koregaon Park,4,Non-Furnished,Buy,New,27432688
Koregaon Park,4,Non-Furnished,Buy,New,27164252
Koregaon Park,4,Non-Furnished,Buy,New,28148523
Koregaon Park,4,Non-Furnished,Buy,New,28434237
Koregaon Park,4,Non-Furnished,Buy,New,28428809
Koregaon Park,4,Non-Furnished,Buy,New,28300166
Koregaon Park,4,Non-Furnished,Buy,PreOwned,26524865
Koregaon Park,4,Non-Furnished,Buy,PreOwned,26270087
Koregaon Park,4,Non-Furnished,Buy,PreOwned,25896320
Koregaon Park,4,Non-Furnished,Buy,PreOwned,26554179
Koregaon Park,4,Non-Furnished,Buy,PreOwned,26199153
Koregaon Park,4,Non-Furnished,Buy,PreOwned,26341074
Koregaon Park,4,Non-Furnished,Buy,PreOwned,26500268
Koregaon Park,4,Non-Furnished,Buy,PreOwned,26265909
Koregaon Park,4,Non-Furnished,Buy,PreOwned,25989504
Koregaon Park,4,Non-Furnished,Buy,PreOwned,25739357
Koregaon Park,4,Non-Furnished,Buy,PreOwned,25733741
Koregaon Park,4,Non-Furnished,Buy,PreOwned,26483300
Koregaon Park,5,Furnished,Rent,None,190024
Koregaon Park,5,Furnished,Rent,None,190400
Koregaon Park,5,Furnished,Rent,None,187262
Koregaon Park,5,Furnished,Rent,None,185886
Koregaon Park,5,Furnished,Rent,None,189987
Koregaon Park,5,Furnished,Rent,None,185331
Koregaon Park,5,Furnished,Rent,None,187252
Koregaon Park,5,Furnished,Rent,None,187834
Koregaon Park,5,Furnished,Rent,None,187458
Koregaon Park,5,Furnished,Rent,None,184805
Koregaon Park,5,Furnished,Rent,None,186103
Koregaon Park,5,Furnished,Rent,None,183339
Koregaon Park,5,Furnished,Buy,New,43631385
Koregaon Park,5,Furnished,Buy,New,44259708
Koregaon Park,5,Furnished,Buy,New,41863523
Koregaon Park,5,Furnished,Buy,New,42366307
Koregaon Park,5,Furnished,Buy,New,42491895
Koregaon Park,5,Furnished,Buy,New,43410917
Koregaon Park,5,Furnished,Buy,New,42324278
Koregaon Park,5,Furnished,Buy,New,42226159
Koregaon Park,5,Furnished,Buy,New,43195993
Koregaon Park,5,Furnished,Buy,New,42523901
Koregaon Park,5,Furnished,Buy,New,43313597
Koregaon Park,5,Furnished,Buy,New,41793579
Koregaon Park,5,Furnished,Buy,PreOwned,40774690
Koregaon Park,5,Furnished,Buy,PreOwned,40989946
Koregaon Park,5,Furnished,Buy,PreOwned,40475959
Koregaon Park,5,Furnished,Buy,PreOwned,40741963
Koregaon Park,5,Furnished,Buy,PreOwned,40581859
Koregaon Park,5,Furnished,Buy,PreOwned,41549773
Koregaon Park,5,Furnished,Buy,PreOwned,40371727
Koregaon Park,5,Furnished,Buy,PreOwned,41771935
Koregaon Park,5,Furnished,Buy,PreOwned,40502434
Koregaon Park,5,Furnished,Buy,PreOwned,41715965
Koregaon Park,5,Furnished,Buy,PreOwned,40630744
Koregaon Park,5,Furnished,Buy,PreOwned,41208070
Koregaon Park,5,Non-Furnished,Rent,None,179811
Koregaon Park,5,Non-Furnished,Rent,None,178557
Koregaon Park,5,Non-Furnished,Rent,None,181052
Koregaon Park,5,Non-Furnished,Rent,None,178222
Koregaon Park,5,Non-Furnished,Rent,None,178484
Koregaon Park,5,Non-Furnished,Rent,None,178007
Koregaon Park,5,Non-Furnished,Rent,None,181275
Koregaon Park,5,Non-Furnished,Rent,None,181441
Koregaon Park,5,Non-Furnished,Rent,None,181077
Koregaon Park,5,Non-Furnished,Rent,None,178063
Koregaon Park,5,Non-Furnished,Rent,None,178753
Koregaon Park,5,Non-Furnished,Rent,None,178865
Koregaon Park,5,Non-Furnished,Buy,New,41799140
Koregaon Park,5,Non-Furnished,Buy,New,42431772
Koregaon Park,5,Non-Furnished,Buy,New,42389185
Koregaon Park,5,Non-Furnished,Buy,New,41631350
Koregaon Park,5,Non-Furnished,Buy,New,41774420
Koregaon Park,5,Non-Furnished,Buy,New,41975675
Koregaon Park,5,Non-Furnished,Buy,New,41923746
Koregaon Park,5,Non-Furnished,Buy,New,42549047
Koregaon Park,5,Non-Furnished,Buy,New,41525146
Koregaon Park,5,Non-Furnished,Buy,New,41049062
Koregaon Park,5,Non-Furnished,Buy,New,41890544
Koregaon Park,5,Non-Furnished,Buy,New,40945049
Koregaon Park,5,Non-Furnished,Buy,PreOwned,40301563
Koregaon Park,5,Non-Furnished,Buy,PreOwned,39703620
Koregaon Park,5,Non-Furnished,Buy,PreOwned,40096234
Koregaon Park,5,Non-Furnished,Buy,PreOwned,39933082
Koregaon Park,5,Non-Furnished,Buy,PreOwned,39812844
Koregaon Park,5,Non-Furnished,Buy,PreOwned,40169255
Koregaon Park,5,Non-Furnished,Buy,PreOwned,39831005
Koregaon Park,5,Non-Furnished,Buy,PreOwned,39761908
Koregaon Park,5,Non-Furnished,Buy,PreOwned,39880897
Koregaon Park,5,Non-Furnished,Buy,PreOwned,39753129
Koregaon Park,5,Non-Furnished,Buy,PreOwned,40341803
Koregaon Park,5,Non-Furnished,Buy,PreOwned,40175911
Viman Nagar,1,Furnished,Rent,None,32140
Viman Nagar,1,Furnished,Rent,None,32589
Viman Nagar,1,Furnished,Rent,None,33440
Viman Nagar,1,Furnished,Rent,None,32173
Viman Nagar,1,Furnished,Rent,None,38363
Viman Nagar,1,Furnished,Rent,None,35758
Viman Nagar,1,Furnished,Rent,None,33915
Viman Nagar,1,Furnished,Rent,None,39440
Viman Nagar,1,Furnished,Rent,None,33642
Viman Nagar,1,Furnished,Rent,None,34704
Viman Nagar,1,Furnished,Rent,None,30361
Viman Nagar,1,Furnished,Rent,None,30843
Viman Nagar,1,Furnished,Buy,New,9317156
Viman Nagar,1,Furnished,Buy,New,7913257
Viman Nagar,1,Furnished,Buy,New,9096104
Viman Nagar,1,Furnished,Buy,New,7782400
Viman Nagar,1,Furnished,Buy,New,9300259
Viman Nagar,1,Furnished,Buy,New,8424523
Viman Nagar,1,Furnished,Buy,New,8351546
Viman Nagar,1,Furnished,Buy,New,9279365
Viman Nagar,1,Furnished,Buy,New,7683513
Viman Nagar,1,Furnished,Buy,New,8716248
Viman Nagar,1,Furnished,Buy,New,9328740
Viman Nagar,1,Furnished,Buy,New,9146671
Viman Nagar,1,Furnished,Buy,PreOwned,6762780
Viman Nagar,1,Furnished,Buy,PreOwned,7524773
Viman Nagar,1,Furnished,Buy,PreOwned,6463035
Viman Nagar,1,Furnished,Buy,PreOwned,7557306
Viman Nagar,1,Furnished,Buy,PreOwned,6753837
Viman Nagar,1,Furnished,Buy,PreOwned,7639239
Viman Nagar,1,Furnished,Buy,PreOwned,6298165
Viman Nagar,1,Furnished,Buy,PreOwned,7297526
Viman Nagar,1,Furnished,Buy,PreOwned,7282255
Viman Nagar,1,Furnished,Buy,PreOwned,7267668
Viman Nagar,1,Furnished,Buy,PreOwned,7758537
Viman Nagar,1,Furnished,Buy,PreOwned,7120046
Viman Nagar,1,Non-Furnished,Rent,None,27242
Viman Nagar,1,Non-Furnished,Rent,None,23905
Viman Nagar,1,Non-Furnished,Rent,None,26994
Viman Nagar,1,Non-Furnished,Rent,None,23343
Viman Nagar,1,Non-Furnished,Rent,None,25441
Viman Nagar,1,Non-Furnished,Rent,None,26793
Viman Nagar,1,Non-Furnished,Rent,None,23907
Viman Nagar,1,Non-Furnished,Rent,None,26988
Viman Nagar,1,Non-Furnished,Rent,None,24416
Viman Nagar,1,Non-Furnished,Rent,None,25394
Viman Nagar,1,Non-Furnished,Rent,None,24496
Viman Nagar,1,Non-Furnished,Rent,None,26266
Viman Nagar,1,Non-Furnished,Buy,New,7413166
Viman Nagar,1,Non-Furnished,Buy,New,8560835
Viman Nagar,1,Non-Furnished,Buy,New,7526037
Viman Nagar,1,Non-Furnished,Buy,New,7473538
Viman Nagar,1,Non-Furnished,Buy,New,7451898
Viman Nagar,1,Non-Furnished,Buy,New,7592716
Viman Nagar,1,Non-Furnished,Buy,New,7903540
Viman Nagar,1,Non-Furnished,Buy,New,7336483
Viman Nagar,1,Non-Furnished,Buy,New,8740046
Viman Nagar,1,Non-Furnished,Buy,New,7940661
Viman Nagar,1,Non-Furnished,Buy,New,8521367
Viman Nagar,1,Non-Furnished,Buy,New,7670983
Viman Nagar,1,Non-Furnished,Buy,PreOwned,6375885
Viman Nagar,1,Non-Furnished,Buy,PreOwned,6345751
Viman Nagar,1,Non-Furnished,Buy,PreOwned,5869143
Viman Nagar,1,Non-Furnished,Buy,PreOwned,5749357
Viman Nagar,1,Non-Furnished,Buy,PreOwned,6445600
Viman Nagar,1,Non-Furnished,Buy,PreOwned,5700527
Viman Nagar,1,Non-Furnished,Buy,PreOwned,6396115
Viman Nagar,1,Non-Furnished,Buy,PreOwned,6245364
Viman Nagar,1,Non-Furnished,Buy,PreOwned,6211262
Viman Nagar,1,Non-Furnished,Buy,PreOwned,6288972
Viman Nagar,1,Non-Furnished,Buy,PreOwned,6344346
Viman Nagar,1,Non-Furnished,Buy,PreOwned,6403846
Viman Nagar,2,Furnished,Rent,None,55339
Viman Nagar,2,Furnished,Rent,None,49442
Viman Nagar,2,Furnished,Rent,None,46966
Viman Nagar,2,Furnished,Rent,None,58081
Viman Nagar,2,Furnished,Rent,None,52995
Viman Nagar,2,Furnished,Rent,None,51435
Viman Nagar,2,Furnished,Rent,None,49952
Viman Nagar,2,Furnished,Rent,None,51892
Viman Nagar,2,Furnished,Rent,None,53373
Viman Nagar,2,Furnished,Rent,None,53670
Viman Nagar,2,Furnished,Rent,None,54021
Viman Nagar,2,Furnished,Rent,None,53547
Viman Nagar,2,Furnished,Buy,New,13280970
Viman Nagar,2,Furnished,Buy,New,12873531
Viman Nagar,2,Furnished,Buy,New,14337073
Viman Nagar,2,Furnished,Buy,New,13054723
Viman Nagar,2,Furnished,Buy,New,13201686
Viman Nagar,2,Furnished,Buy,New,12989609
Viman Nagar,2,Furnished,Buy,New,14025756
Viman Nagar,2,Furnished,Buy,New,13772906
Viman Nagar,2,Furnished,Buy,New,13900255
Viman Nagar,2,Furnished,Buy,New,14065493
Viman Nagar,2,Furnished,Buy,New,14439879
Viman Nagar,2,Furnished,Buy,New,14052370
Viman Nagar,2,Furnished,Buy,PreOwned,11810888
Viman Nagar,2,Furnished,Buy,PreOwned,11476130
Viman Nagar,2,Furnished,Buy,PreOwned,11723638
Viman Nagar,2,Furnished,Buy,PreOwned,12092781
Viman Nagar,2,Furnished,Buy,PreOwned,12548462
Viman Nagar,2,Furnished,Buy,PreOwned,12311978
Viman Nagar,2,Furnished,Buy,PreOwned,12450849
Viman Nagar,2,Furnished,Buy,PreOwned,11559152
Viman Nagar,2,Furnished,Buy,PreOwned,12364428
Viman Nagar,2,Furnished,Buy,PreOwned,12098514
Viman Nagar,2,Furnished,Buy,PreOwned,11845513
Viman Nagar,2,Furnished,Buy,PreOwned,12513402
Viman Nagar,2,Non-Furnished,Rent,None,46549
Viman Nagar,2,Non-Furnished,Rent,None,44064
Viman Nagar,2,Non-Furnished,Rent,None,47360
Viman Nagar,2,Non-Furnished,Rent,None,47185
Viman Nagar,2,Non-Furnished,Rent,None,46242
Viman Nagar,2,Non-Furnished,Rent,None,46217
Viman Nagar,2,Non-Furnished,Rent,None,45691
Viman Nagar,2,Non-Furnished,Rent,None,44057
Viman Nagar,2,Non-Furnished,Rent,None,46305
Viman Nagar,2,Non-Furnished,Rent,None,46536
Viman Nagar,2,Non-Furnished,Rent,None,43341
Viman Nagar,2,Non-Furnished,Rent,None,47067
Viman Nagar,2,Non-Furnished,Buy,New,13366632
Viman Nagar,2,Non-Furnished,Buy,New,12556085
Viman Nagar,2,Non-Furnished,Buy,New,13950787
Viman Nagar,2,Non-Furnished,Buy,New,13443634
Viman Nagar,2,Non-Furnished,Buy,New,12301268
Viman Nagar,2,Non-Furnished,Buy,New,11722638
Viman Nagar,2,Non-Furnished,Buy,New,12576221
Viman Nagar,2,Non-Furnished,Buy,New,12329252
Viman Nagar,2,Non-Furnished,Buy,New,11761170
Viman Nagar,2,Non-Furnished,Buy,New,13477390
Viman Nagar,2,Non-Furnished,Buy,New,12723428
Viman Nagar,2,Non-Furnished,Buy,New,13245743
Viman Nagar,2,Non-Furnished,Buy,PreOwned,11451328
Viman Nagar,2,Non-Furnished,Buy,PreOwned,10778383
Viman Nagar,2,Non-Furnished,Buy,PreOwned,11306038
Viman Nagar,2,Non-Furnished,Buy,PreOwned,11488336
Viman Nagar,2,Non-Furnished,Buy,PreOwned,11228991
Viman Nagar,2,Non-Furnished,Buy,PreOwned,11563430
Viman Nagar,2,Non-Furnished,Buy,PreOwned,11350443
Viman Nagar,2,Non-Furnished,Buy,PreOwned,11531609
Viman Nagar,2,Non-Furnished,Buy,PreOwned,11059380
Viman Nagar,2,Non-Furnished,Buy,PreOwned,11003924
Viman Nagar,2,Non-Furnished,Buy,PreOwned,11562045
Viman Nagar,2,Non-Furnished,Buy,PreOwned,11592594
Viman Nagar,3,Furnished,Rent,None,79436
Viman Nagar,3,Furnished,Rent,None,75665
Viman Nagar,3,Furnished,Rent,None,78751
Viman Nagar,3,Furnished,Rent,None,79332
Viman Nagar,3,Furnished,Rent,None,74545
Viman Nagar,3,Furnished,Rent,None,72017
Viman Nagar,3,Furnished,Rent,None,76009
Viman Nagar,3,Furnished,Rent,None,80360
Viman Nagar,3,Furnished,Rent,None,80392
Viman Nagar,3,Furnished,Rent,None,78075
Viman Nagar,3,Furnished,Rent,None,83579
Viman Nagar,3,Furnished,Rent,None,81947
Viman Nagar,3,Furnished,Buy,New,21665951
Viman Nagar,3,Furnished,Buy,New,20363492
Viman Nagar,3,Furnished,Buy,New,21479339
Viman Nagar,3,Furnished,Buy,New,20755260
Viman Nagar,3,Furnished,Buy,New,20064664
Viman Nagar,3,Furnished,Buy,New,20860281
Viman Nagar,3,Furnished,Buy,New,21770373
Viman Nagar,3,Furnished,Buy,New,20509985
Viman Nagar,3,Furnished,Buy,New,20941677
Viman Nagar,3,Furnished,Buy,New,20827843
Viman Nagar,3,Furnished,Buy,New,21065243
Viman Nagar,3,Furnished,Buy,New,21068561
Viman Nagar,3,Furnished,Buy,PreOwned,19172940
Viman Nagar,3,Furnished,Buy,PreOwned,19418884
Viman Nagar,3,Furnished,Buy,PreOwned,19514524
Viman Nagar,3,Furnished,Buy,PreOwned,19206036
Viman Nagar,3,Furnished,Buy,PreOwned,19196704
Viman Nagar,3,Furnished,Buy,PreOwned,19133669
Viman Nagar,3,Furnished,Buy,PreOwned,18815543
Viman Nagar,3,Furnished,Buy,PreOwned,19654365
Viman Nagar,3,Furnished,Buy,PreOwned,19293139
Viman Nagar,3,Furnished,Buy,PreOwned,19580484
Viman Nagar,3,Furnished,Buy,PreOwned,19389773
Viman Nagar,3,Furnished,Buy,PreOwned,19327222
Viman Nagar,3,Non-Furnished,Rent,None,72036
Viman Nagar,3,Non-Furnished,Rent,None,69454
Viman Nagar,3,Non-Furnished,Rent,None,72394
Viman Nagar,3,Non-Furnished,Rent,None,72307
Viman Nagar,3,Non-Furnished,Rent,None,72156
Viman Nagar,3,Non-Furnished,Rent,None,69342
Viman Nagar,3,Non-Furnished,Rent,None,72141
Viman Nagar,3,Non-Furnished,Rent,None,72902
Viman Nagar,3,Non-Furnished,Rent,None,68981
Viman Nagar,3,Non-Furnished,Rent,None,68611
Viman Nagar,3,Non-Furnished,Rent,None,70583
Viman Nagar,3,Non-Furnished,Rent,None,71657
Viman Nagar,3,Non-Furnished,Buy,New,20766367
Viman Nagar,3,Non-Furnished,Buy,New,19896298
Viman Nagar,3,Non-Furnished,Buy,New,18860548
Viman Nagar,3,Non-Furnished,Buy,New,20161385
Viman Nagar,3,Non-Furnished,Buy,New,19325612
Viman Nagar,3,Non-Furnished,Buy,New,19481223
Viman Nagar,3,Non-Furnished,Buy,New,19345579
Viman Nagar,3,Non-Furnished,Buy,New,20000144
Viman Nagar,3,Non-Furnished,Buy,New,19020493
Viman Nagar,3,Non-Furnished,Buy,New,19893554
Viman Nagar,3,Non-Furnished,Buy,New,20423101
Viman Nagar,3,Non-Furnished,Buy,New,19032189
Viman Nagar,3,Non-Furnished,Buy,PreOwned,18193457
Viman Nagar,3,Non-Furnished,Buy,PreOwned,17868969
Viman Nagar,3,Non-Furnished,Buy,PreOwned,18014861
Viman Nagar,3,Non-Furnished,Buy,PreOwned,18005369
Viman Nagar,3,Non-Furnished,Buy,PreOwned,17926776
Viman Nagar,3,Non-Furnished,Buy,PreOwned,18334873
Viman Nagar,3,Non-Furnished,Buy,PreOwned,18170603
Viman Nagar,3,Non-Furnished,Buy,PreOwned,18330572
Viman Nagar,3,Non-Furnished,Buy,PreOwned,17961895
Viman Nagar,3,Non-Furnished,Buy,PreOwned,17714864
Viman Nagar,3,Non-Furnished,Buy,PreOwned,18102116
Viman Nagar,3,Non-Furnished,Buy,PreOwned,17969067
Viman Nagar,4,Furnished,Rent,None,128932
Viman Nagar,4,Furnished,Rent,None,131788
Viman Nagar,4,Furnished,Rent,None,132211
Viman Nagar,4,Furnished,Rent,None,127787
Viman Nagar,4,Furnished,Rent,None,126730
Viman Nagar,4,Furnished,Rent,None,130333
Viman Nagar,4,Furnished,Rent,None,130848
Viman Nagar,4,Furnished,Rent,None,126822
Viman Nagar,4,Furnished,Rent,None,127608
Viman Nagar,4,Furnished,Rent,None,129498
Viman Nagar,4,Furnished,Rent,None,132288
Viman Nagar,4,Furnished,Rent,None,129161
Viman Nagar,4,Furnished,Buy,New,27160528
Viman Nagar,4,Furnished,Buy,New,30161652
Viman Nagar,4,Furnished,Buy,New,28813168
Viman Nagar,4,Furnished,Buy,New,28505075
Viman Nagar,4,Furnished,Buy,New,28179037
Viman Nagar,4,Furnished,Buy,New,30151078
Viman Nagar,4,Furnished,Buy,New,29086040
Viman Nagar,4,Furnished,Buy,New,29687756
Viman Nagar,4,Furnished,Buy,New,28096014
Viman Nagar,4,Furnished,Buy,New,27694411
Viman Nagar,4,Furnished,Buy,New,28322150
Viman Nagar,4,Furnished,Buy,New,29229410
Viman Nagar,4,Furnished,Buy,PreOwned,26996127
Viman Nagar,4,Furnished,Buy,PreOwned,27255141
Viman Nagar,4,Furnished,Buy,PreOwned,26533578
Viman Nagar,4,Furnished,Buy,PreOwned,27882544
Viman Nagar,4,Furnished,Buy,PreOwned,26954947
Viman Nagar,4,Furnished,Buy,PreOwned,28015676
Viman Nagar,4,Furnished,Buy,PreOwned,27440617
Viman Nagar,4,Furnished,Buy,PreOwned,26901287
Viman Nagar,4,Furnished,Buy,PreOwned,26669290
Viman Nagar,4,Furnished,Buy,PreOwned,27084877
Viman Nagar,4,Furnished,Buy,PreOwned,26196394
Viman Nagar,4,Furnished,Buy,PreOwned,27121079
Viman Nagar,4,Non-Furnished,Rent,None,120702
Viman Nagar,4,Non-Furnished,Rent,None,122369
Viman Nagar,4,Non-Furnished,Rent,None,119525
Viman Nagar,4,Non-Furnished,Rent,None,119888
Viman Nagar,4,Non-Furnished,Rent,None,118360
Viman Nagar,4,Non-Furnished,Rent,None,122423
Viman Nagar,4,Non-Furnished,Rent,None,118490
Viman Nagar,4,Non-Furnished,Rent,None,120281
Viman Nagar,4,Non-Furnished,Rent,None,119038
Viman Nagar,4,Non-Furnished,Rent,None,119671
Viman Nagar,4,Non-Furnished,Rent,None,122388
Viman Nagar,4,Non-Furnished,Rent,None,121450
Viman Nagar,4,Non-Furnished,Buy,New,28090610
Viman Nagar,4,Non-Furnished,Buy,New,27054425
Viman Nagar,4,Non-Furnished,Buy,New,27376726
Viman Nagar,4,Non-Furnished,Buy,New,28413734
Viman Nagar,4,Non-Furnished,Buy,New,27727517
Viman Nagar,4,Non-Furnished,Buy,New,27270785
Viman Nagar,4,Non-Furnished,Buy,New,26776421
Viman Nagar,4,Non-Furnished,Buy,New,27734828
Viman Nagar,4,Non-Furnished,Buy,New,28170772
Viman Nagar,4,Non-Furnished,Buy,New,28106097
Viman Nagar,4,Non-Furnished,Buy,New,28736642
Viman Nagar,4,Non-Furnished,Buy,New,28473991
Viman Nagar,4,Non-Furnished,Buy,PreOwned,25762400
Viman Nagar,4,Non-Furnished,Buy,PreOwned,26038104
Viman Nagar,4,Non-Furnished,Buy,PreOwned,25768134
Viman Nagar,4,Non-Furnished,Buy,PreOwned,25857689
Viman Nagar,4,Non-Furnished,Buy,PreOwned,25765773
Viman Nagar,4,Non-Furnished,Buy,PreOwned,26077655
Viman Nagar,4,Non-Furnished,Buy,PreOwned,25936120
Viman Nagar,4,Non-Furnished,Buy,PreOwned,25926548
Viman Nagar,4,Non-Furnished,Buy,PreOwned,26367601
Viman Nagar,4,Non-Furnished,Buy,PreOwned,25768476
Viman Nagar,4,Non-Furnished,Buy,PreOwned,25768000
Viman Nagar,4,Non-Furnished,Buy,PreOwned,25997765
Viman Nagar,5,Furnished,Rent,None,184661
Viman Nagar,5,Furnished,Rent,None,186410
Viman Nagar,5,Furnished,Rent,None,189071
Viman Nagar,5,Furnished,Rent,None,188547
Viman Nagar,5,Furnished,Rent,None,190625
Viman Nagar,5,Furnished,Rent,None,192874
Viman Nagar,5,Furnished,Rent,None,189935
Viman Nagar,5,Furnished,Rent,None,182638
Viman Nagar,5,Furnished,Rent,None,193731
Viman Nagar,5,Furnished,Rent,None,189914
Viman Nagar,5,Furnished,Rent,None,188497
Viman Nagar,5,Furnished,Rent,None,184636
Viman Nagar,5,Furnished,Buy,New,41085455
Viman Nagar,5,Furnished,Buy,New,42133118
Viman Nagar,5,Furnished,Buy,New,41640918
Viman Nagar,5,Furnished,Buy,New,42435843
Viman Nagar,5,Furnished,Buy,New,43114385
Viman Nagar,5,Furnished,Buy,New,42072936
Viman Nagar,5,Furnished,Buy,New,41720036
Viman Nagar,5,Furnished,Buy,New,42997454
Viman Nagar,5,Furnished,Buy,New,41594973
Viman Nagar,5,Furnished,Buy,New,42586231
Viman Nagar,5,Furnished,Buy,New,42406015
Viman Nagar,5,Furnished,Buy,New,43494296
Viman Nagar,5,Furnished,Buy,PreOwned,41448971
Viman Nagar,5,Furnished,Buy,PreOwned,40745225
Viman Nagar,5,Furnished,Buy,PreOwned,40866512
Viman Nagar,5,Furnished,Buy,PreOwned,40757221
Viman Nagar,5,Furnished,Buy,PreOwned,41155966
Viman Nagar,5,Furnished,Buy,PreOwned,41071778
Viman Nagar,5,Furnished,Buy,PreOwned,41394039
Viman Nagar,5,Furnished,Buy,PreOwned,41860764
Viman Nagar,5,Furnished,Buy,PreOwned,41704081
Viman Nagar,5,Furnished,Buy,PreOwned,40833487
Viman Nagar,5,Furnished,Buy,PreOwned,40834267
Viman Nagar,5,Furnished,Buy,PreOwned,40664949
Viman Nagar,5,Non-Furnished,Rent,None,181234
Viman Nagar,5,Non-Furnished,Rent,None,181072
Viman Nagar,5,Non-Furnished,Rent,None,181609
Viman Nagar,5,Non-Furnished,Rent,None,178997
Viman Nagar,5,Non-Furnished,Rent,None,181369
Viman Nagar,5,Non-Furnished,Rent,None,182389
Viman Nagar,5,Non-Furnished,Rent,None,179630
Viman Nagar,5,Non-Furnished,Rent,None,180346
Viman Nagar,5,Non-Furnished,Rent,None,182726
Viman Nagar,5,Non-Furnished,Rent,None,180452
Viman Nagar,5,Non-Furnished,Rent,None,181089
Viman Nagar,5,Non-Furnished,Rent,None,179008
Viman Nagar,5,Non-Furnished,Buy,New,40737552
Viman Nagar,5,Non-Furnished,Buy,New,42167752
Viman Nagar,5,Non-Furnished,Buy,New,42385293
Viman Nagar,5,Non-Furnished,Buy,New,41195431
Viman Nagar,5,Non-Furnished,Buy,New,40830841
Viman Nagar,5,Non-Furnished,Buy,New,42055553
Viman Nagar,5,Non-Furnished,Buy,New,41931764
Viman Nagar,5,Non-Furnished,Buy,New,41569310
Viman Nagar,5,Non-Furnished,Buy,New,41374660
Viman Nagar,5,Non-Furnished,Buy,New,41891111
Viman Nagar,5,Non-Furnished,Buy,New,41121703
Viman Nagar,5,Non-Furnished,Buy,New,41625897
Viman Nagar,5,Non-Furnished,Buy,PreOwned,39777607
Viman Nagar,5,Non-Furnished,Buy,PreOwned,39827430
Viman Nagar,5,Non-Furnished,Buy,PreOwned,40141193
Viman Nagar,5,Non-Furnished,Buy,PreOwned,39803034
Viman Nagar,5,Non-Furnished,Buy,PreOwned,40481132
Viman Nagar,5,Non-Furnished,Buy,PreOwned,39711511
Viman Nagar,5,Non-Furnished,Buy,PreOwned,40533540
Viman Nagar,5,Non-Furnished,Buy,PreOwned,39978780
Viman Nagar,5,Non-Furnished,Buy,PreOwned,40211263
Viman Nagar,5,Non-Furnished,Buy,PreOwned,40219828
Viman Nagar,5,Non-Furnished,Buy,PreOwned,40002424
Viman Nagar,5,Non-Furnished,Buy,PreOwned,40407844
Kothrud,1,Furnished,Rent,None,31130
Kothrud,1,Furnished,Rent,None,38897
Kothrud,1,Furnished,Rent,None,37358
Kothrud,1,Furnished,Rent,None,35803
Kothrud,1,Furnished,Rent,None,37288
Kothrud,1,Furnished,Rent,None,34554
Kothrud,1,Furnished,Rent,None,36624
Kothrud,1,Furnished,Rent,None,30773
Kothrud,1,Furnished,Rent,None,33133
Kothrud,1,Furnished,Rent,None,35867
Kothrud,1,Furnished,Rent,None,33093
Kothrud,1,Furnished,Rent,None,28024
Kothrud,1,Furnished,Buy,New,10394395
Kothrud,1,Furnished,Buy,New,10030758
Kothrud,1,Furnished,Buy,New,8576586
Kothrud,1,Furnished,Buy,New,8539877
Kothrud,1,Furnished,Buy,New,8383719
Kothrud,1,Furnished,Buy,New,7858340
Kothrud,1,Furnished,Buy,New,8777788
Kothrud,1,Furnished,Buy,New,8126966
Kothrud,1,Furnished,Buy,New,8653299
Kothrud,1,Furnished,Buy,New,8033811
Kothrud,1,Furnished,Buy,New,8911777
Kothrud,1,Furnished,Buy,New,8580620
Kothrud,1,Furnished,Buy,PreOwned,7597734
Kothrud,1,Furnished,Buy,PreOwned,6411314
Kothrud,1,Furnished,Buy,PreOwned,7084928
Kothrud,1,Furnished,Buy,PreOwned,6191869
Kothrud,1,Furnished,Buy,PreOwned,7651285
Kothrud,1,Furnished,Buy,PreOwned,6736616
Kothrud,1,Furnished,Buy,PreOwned,7381858
Kothrud,1,Furnished,Buy,PreOwned,7330361
Kothrud,1,Furnished,Buy,PreOwned,7015092
Kothrud,1,Furnished,Buy,PreOwned,6895866
Kothrud,1,Furnished,Buy,PreOwned,7945915
Kothrud,1,Furnished,Buy,PreOwned,6761554
Kothrud,1,Non-Furnished,Rent,None,25485
Kothrud,1,Non-Furnished,Rent,None,25807
Kothrud,1,Non-Furnished,Rent,None,24989
Kothrud,1,Non-Furnished,Rent,None,25176
Kothrud,1,Non-Furnished,Rent,None,26836
Kothrud,1,Non-Furnished,Rent,None,26979
Kothrud,1,Non-Furnished,Rent,None,27992
Kothrud,1,Non-Furnished,Rent,None,26519
Kothrud,1,Non-Furnished,Rent,None,23591
Kothrud,1,Non-Furnished,Rent,None,26906
Kothrud,1,Non-Furnished,Rent,None,23556
Kothrud,1,Non-Furnished,Rent,None,25835
Kothrud,1,Non-Furnished,Buy,New,8523004
Kothrud,1,Non-Furnished,Buy,New,8409584
Kothrud,1,Non-Furnished,Buy,New,7275045
Kothrud,1,Non-Furnished,Buy,New,8929351
Kothrud,1,Non-Furnished,Buy,New,6647632
Kothrud,1,Non-Furnished,Buy,New,7300700
Kothrud,1,Non-Furnished,Buy,New,6830878
Kothrud,1,Non-Furnished,Buy,New,8264074
Kothrud,1,Non-Furnished,Buy,New,7492018
Kothrud,1,Non-Furnished,Buy,New,7698278
Kothrud,1,Non-Furnished,Buy,New,8428352
Kothrud,1,Non-Furnished,Buy,New,8490467
Kothrud,1,Non-Furnished,Buy,PreOwned,6294580
Kothrud,1,Non-Furnished,Buy,PreOwned,6235356
Kothrud,1,Non-Furnished,Buy,PreOwned,6459814
Kothrud,1,Non-Furnished,Buy,PreOwned,5852906
Kothrud,1,Non-Furnished,Buy,PreOwned,6172445
Kothrud,1,Non-Furnished,Buy,PreOwned,6005093
Kothrud,1,Non-Furnished,Buy,PreOwned,5995998
Kothrud,1,Non-Furnished,Buy,PreOwned,6271892
Kothrud,1,Non-Furnished,Buy,PreOwned,6429424
Kothrud,1,Non-Furnished,Buy,PreOwned,6021794
Kothrud,1,Non-Furnished,Buy,PreOwned,5974031
Kothrud,1,Non-Furnished,Buy,PreOwned,5972460
Kothrud,2,Furnished,Rent,None,57216
Kothrud,2,Furnished,Rent,None,54748
Kothrud,2,Furnished,Rent,None,52141
Kothrud,2,Furnished,Rent,None,55286
Kothrud,2,Furnished,Rent,None,49177
Kothrud,2,Furnished,Rent,None,52515
Kothrud,2,Furnished,Rent,None,55173
Kothrud,2,Furnished,Rent,None,55153
Kothrud,2,Furnished,Rent,None,55373
Kothrud,2,Furnished,Rent,None,54814
Kothrud,2,Furnished,Rent,None,52513
Kothrud,2,Furnished,Rent,None,58038
Kothrud,2,Furnished,Buy,New,14354822
Kothrud,2,Furnished,Buy,New,13385908
Kothrud,2,Furnished,Buy,New,14686398
Kothrud,2,Furnished,Buy,New,13193879
Kothrud,2,Furnished,Buy,New,13520957
Kothrud,2,Furnished,Buy,New,13259106
Kothrud,2,Furnished,Buy,New,13776536
Kothrud,2,Furnished,Buy,New,13928021
Kothrud,2,Furnished,Buy,New,13730661
Kothrud,2,Furnished,Buy,New,13439721
Kothrud,2,Furnished,Buy,New,14100459
Kothrud,2,Furnished,Buy,New,12607008
Kothrud,2,Furnished,Buy,PreOwned,12093775
Kothrud,2,Furnished,Buy,PreOwned,12052566
Kothrud,2,Furnished,Buy,PreOwned,11938346
Kothrud,2,Furnished,Buy,PreOwned,12644105
Kothrud,2,Furnished,Buy,PreOwned,12145076
Kothrud,2,Furnished,Buy,PreOwned,11825170
Kothrud,2,Furnished,Buy,PreOwned,11977147
Kothrud,2,Furnished,Buy,PreOwned,12664671
Kothrud,2,Furnished,Buy,PreOwned,11587946
Kothrud,2,Furnished,Buy,PreOwned,12953330
Kothrud,2,Furnished,Buy,PreOwned,11720785
Kothrud,2,Furnished,Buy,PreOwned,12515868
Kothrud,2,Non-Furnished,Rent,None,44932
Kothrud,2,Non-Furnished,Rent,None,47455
Kothrud,2,Non-Furnished,Rent,None,45556
Kothrud,2,Non-Furnished,Rent,None,45350
Kothrud,2,Non-Furnished,Rent,None,47403
Kothrud,2,Non-Furnished,Rent,None,45650
Kothrud,2,Non-Furnished,Rent,None,44864
Kothrud,2,Non-Furnished,Rent,None,47112
Kothrud,2,Non-Furnished,Rent,None,47161
Kothrud,2,Non-Furnished,Rent,None,43320
Kothrud,2,Non-Furnished,Rent,None,44810
Kothrud,2,Non-Furnished,Rent,None,44130
Kothrud,2,Non-Furnished,Buy,New,12730621
Kothrud,2,Non-Furnished,Buy,New,13976006
Kothrud,2,Non-Furnished,Buy,New,12653516
Kothrud,2,Non-Furnished,Buy,New,12591758
Kothrud,2,Non-Furnished,Buy,New,12931749
Kothrud,2,Non-Furnished,Buy,New,12008249
Kothrud,2,Non-Furnished,Buy,New,13361825
Kothrud,2,Non-Furnished,Buy,New,13099878
Kothrud,2,Non-Furnished,Buy,New,12813668
Kothrud,2,Non-Furnished,Buy,New,11849592
Kothrud,2,Non-Furnished,Buy,New,13687222
Kothrud,2,Non-Furnished,Buy,New,11515402
Kothrud,2,Non-Furnished,Buy,PreOwned,10782939
Kothrud,2,Non-Furnished,Buy,PreOwned,11390955
Kothrud,2,Non-Furnished,Buy,PreOwned,11385087
Kothrud,2,Non-Furnished,Buy,PreOwned,10787464
Kothrud,2,Non-Furnished,Buy,PreOwned,11379066
Kothrud,2,Non-Furnished,Buy,PreOwned,11219074
Kothrud,2,Non-Furnished,Buy,PreOwned,10744929
Kothrud,2,Non-Furnished,Buy,PreOwned,11386879
Kothrud,2,Non-Furnished,Buy,PreOwned,10841496
Kothrud,2,Non-Furnished,Buy,PreOwned,11154130
Kothrud,2,Non-Furnished,Buy,PreOwned,11599530
Kothrud,2,Non-Furnished,Buy,PreOwned,10934617
Kothrud,3,Furnished,Rent,None,78548
Kothrud,3,Furnished,Rent,None,81868
Kothrud,3,Furnished,Rent,None,75254
Kothrud,3,Furnished,Rent,None,84444
Kothrud,3,Furnished,Rent,None,75963
Kothrud,3,Furnished,Rent,None,78799
Kothrud,3,Furnished,Rent,None,74199
Kothrud,3,Furnished,Rent,None,77319
Kothrud,3,Furnished,Rent,None,77528
Kothrud,3,Furnished,Rent,None,80283
Kothrud,3,Furnished,Rent,None,77420
Kothrud,3,Furnished,Rent,None,74755
Kothrud,3,Furnished,Buy,New,21176787
Kothrud,3,Furnished,Buy,New,20323114
Kothrud,3,Furnished,Buy,New,19886337
Kothrud,3,Furnished,Buy,New,19915898
Kothrud,3,Furnished,Buy,New,20226159
Kothrud,3,Furnished,Buy,New,20732084
Kothrud,3,Furnished,Buy,New,20156808
Kothrud,3,Furnished,Buy,New,20331927
Kothrud,3,Furnished,Buy,New,20104319
Kothrud,3,Furnished,Buy,New,21597387
Kothrud,3,Furnished,Buy,New,20749089
Kothrud,3,Furnished,Buy,New,19884036
Kothrud,3,Furnished,Buy,PreOwned,18640804
Kothrud,3,Furnished,Buy,PreOwned,19195809
Kothrud,3,Furnished,Buy,PreOwned,19059191
Kothrud,3,Furnished,Buy,PreOwned,19203303
Kothrud,3,Furnished,Buy,PreOwned,19731890
Kothrud,3,Furnished,Buy,PreOwned,19133849
Kothrud,3,Furnished,Buy,PreOwned,18640766
Kothrud,3,Furnished,Buy,PreOwned,19120376
Kothrud,3,Furnished,Buy,PreOwned,18321414
Kothrud,3,Furnished,Buy,PreOwned,19072402
Kothrud,3,Furnished,Buy,PreOwned,19674669
Kothrud,3,Furnished,Buy,PreOwned,18909061
Kothrud,3,Non-Furnished,Rent,None,72804
Kothrud,3,Non-Furnished,Rent,None,70328
Kothrud,3,Non-Furnished,Rent,None,71625
Kothrud,3,Non-Furnished,Rent,None,72629
Kothrud,3,Non-Furnished,Rent,None,71663
Kothrud,3,Non-Furnished,Rent,None,69279
Kothrud,3,Non-Furnished,Rent,None,70254
Kothrud,3,Non-Furnished,Rent,None,71573
Kothrud,3,Non-Furnished,Rent,None,68934
Kothrud,3,Non-Furnished,Rent,None,70290
Kothrud,3,Non-Furnished,Rent,None,68426
Kothrud,3,Non-Furnished,Rent,None,69330
Kothrud,3,Non-Furnished,Buy,New,19007180
Kothrud,3,Non-Furnished,Buy,New,20908062
Kothrud,3,Non-Furnished,Buy,New,19431263
Kothrud,3,Non-Furnished,Buy,New,19611891
Kothrud,3,Non-Furnished,Buy,New,19746955
Kothrud,3,Non-Furnished,Buy,New,19648294
Kothrud,3,Non-Furnished,Buy,New,18739685
Kothrud,3,Non-Furnished,Buy,New,19165519
Kothrud,3,Non-Furnished,Buy,New,19606311
Kothrud,3,Non-Furnished,Buy,New,18863498
Kothrud,3,Non-Furnished,Buy,New,20027504
Kothrud,3,Non-Furnished,Buy,New,19280035
Kothrud,3,Non-Furnished,Buy,PreOwned,17722941
Kothrud,3,Non-Furnished,Buy,PreOwned,18326526
Kothrud,3,Non-Furnished,Buy,PreOwned,18267042
Kothrud,3,Non-Furnished,Buy,PreOwned,18118409
Kothrud,3,Non-Furnished,Buy,PreOwned,17725285
Kothrud,3,Non-Furnished,Buy,PreOwned,18114438
Kothrud,3,Non-Furnished,Buy,PreOwned,18242055
Kothrud,3,Non-Furnished,Buy,PreOwned,17772263
Kothrud,3,Non-Furnished,Buy,PreOwned,17957782
Kothrud,3,Non-Furnished,Buy,PreOwned,18559771
Kothrud,3,Non-Furnished,Buy,PreOwned,18531927
Kothrud,3,Non-Furnished,Buy,PreOwned,18254643
Kothrud,4,Furnished,Rent,None,128280
Kothrud,4,Furnished,Rent,None,130753
Kothrud,4,Furnished,Rent,None,125495
Kothrud,4,Furnished,Rent,None,130891
Kothrud,4,Furnished,Rent,None,130702
Kothrud,4,Furnished,Rent,None,126237
Kothrud,4,Furnished,Rent,None,127494
Kothrud,4,Furnished,Rent,None,131033
Kothrud,4,Furnished,Rent,None,129007
Kothrud,4,Furnished,Rent,None,126277
Kothrud,4,Furnished,Rent,None,129178
Kothrud,4,Furnished,Rent,None,123494
Kothrud,4,Furnished,Buy,New,28795053
Kothrud,4,Furnished,Buy,New,27905905
Kothrud,4,Furnished,Buy,New,28040862
Kothrud,4,Furnished,Buy,New,28496123
Kothrud,4,Furnished,Buy,New,27643298
Kothrud,4,Furnished,Buy,New,28617105
Kothrud,4,Furnished,Buy,New,28064459
Kothrud,4,Furnished,Buy,New,29687293
Kothrud,4,Furnished,Buy,New,29237467
Kothrud,4,Furnished,Buy,New,27666310
Kothrud,4,Furnished,Buy,New,28298822
Kothrud,4,Furnished,Buy,New,29298920
Kothrud,4,Furnished,Buy,PreOwned,26771666
Kothrud,4,Furnished,Buy,PreOwned,26648584
Kothrud,4,Furnished,Buy,PreOwned,27149429
Kothrud,4,Furnished,Buy,PreOwned,26998815
Kothrud,4,Furnished,Buy,PreOwned,26314452
Kothrud,4,Furnished,Buy,PreOwned,26742670
Kothrud,4,Furnished,Buy,PreOwned,26980500
Kothrud,4,Furnished,Buy,PreOwned,26976388
Kothrud,4,Furnished,Buy,PreOwned,26992839
Kothrud,4,Furnished,Buy,PreOwned,26720426
Kothrud,4,Furnished,Buy,PreOwned,26999307
Kothrud,4,Furnished,Buy,PreOwned,27113487
Kothrud,4,Non-Furnished,Rent,None,120387
Kothrud,4,Non-Furnished,Rent,None,120431
Kothrud,4,Non-Furnished,Rent,None,121037
Kothrud,4,Non-Furnished,Rent,None,118063
Kothrud,4,Non-Furnished,Rent,None,119497
Kothrud,4,Non-Furnished,Rent,None,119385
Kothrud,4,Non-Furnished,Rent,None,119099
Kothrud,4,Non-Furnished,Rent,None,120229
Kothrud,4,Non-Furnished,Rent,None,118244
Kothrud,4,Non-Furnished,Rent,None,118206
Kothrud,4,Non-Furnished,Rent,None,119842
Kothrud,4,Non-Furnished,Rent,None,119122
Kothrud,4,Non-Furnished,Buy,New,27303051
Kothrud,4,Non-Furnished,Buy,New,27203754
Kothrud,4,Non-Furnished,Buy,New,28390937
Kothrud,4,Non-Furnished,Buy,New,27123156
Kothrud,4,Non-Furnished,Buy,New,27849125
Kothrud,4,Non-Furnished,Buy,New,27281978
Kothrud,4,Non-Furnished,Buy,New,27638234
Kothrud,4,Non-Furnished,Buy,New,26965233
Kothrud,4,Non-Furnished,Buy,New,27177839
Kothrud,4,Non-Furnished,Buy,New,27150313
Kothrud,4,Non-Furnished,Buy,New,27105269
Kothrud,4,Non-Furnished,Buy,New,27030324
Kothrud,4,Non-Furnished,Buy,PreOwned,26544443
Kothrud,4,Non-Furnished,Buy,PreOwned,26325141
Kothrud,4,Non-Furnished,Buy,PreOwned,25812238
Kothrud,4,Non-Furnished,Buy,PreOwned,26320674
Kothrud,4,Non-Furnished,Buy,PreOwned,26078818
Kothrud,4,Non-Furnished,Buy,PreOwned,26077805
Kothrud,4,Non-Furnished,Buy,PreOwned,26072729
Kothrud,4,Non-Furnished,Buy,PreOwned,25753733
Kothrud,4,Non-Furnished,Buy,PreOwned,26322145
Kothrud,4,Non-Furnished,Buy,PreOwned,26183274
Kothrud,4,Non-Furnished,Buy,PreOwned,25908256
Kothrud,4,Non-Furnished,Buy,PreOwned,25788626
Kothrud,5,Furnished,Rent,None,190510
Kothrud,5,Furnished,Rent,None,188659
Kothrud,5,Furnished,Rent,None,186854
Kothrud,5,Furnished,Rent,None,189113
Kothrud,5,Furnished,Rent,None,189434
Kothrud,5,Furnished,Rent,None,187998
Kothrud,5,Furnished,Rent,None,189396
Kothrud,5,Furnished,Rent,None,194264
Kothrud,5,Furnished,Rent,None,191803
Kothrud,5,Furnished,Rent,None,183986
Kothrud,5,Furnished,Rent,None,183458
Kothrud,5,Furnished,Rent,None,185694
Kothrud,5,Furnished,Buy,New,42339570
Kothrud,5,Furnished,Buy,New,42905262
Kothrud,5,Furnished,Buy,New,42575330
Kothrud,5,Furnished,Buy,New,41872762
Kothrud,5,Furnished,Buy,New,42448305
Kothrud,5,Furnished,Buy,New,41143233
Kothrud,5,Furnished,Buy,New,42664091
Kothrud,5,Furnished,Buy,New,41794058
Kothrud,5,Furnished,Buy,New,43005841
Kothrud,5,Furnished,Buy,New,42322627
Kothrud,5,Furnished,Buy,New,42021358
Kothrud,5,Furnished,Buy,New,43471870
Kothrud,5,Furnished,Buy,PreOwned,41311412
Kothrud,5,Furnished,Buy,PreOwned,41498917
Kothrud,5,Furnished,Buy,PreOwned,40431395
Kothrud,5,Furnished,Buy,PreOwned,41127651
Kothrud,5,Furnished,Buy,PreOwned,41290966
Kothrud,5,Furnished,Buy,PreOwned,41226239
Kothrud,5,Furnished,Buy,PreOwned,41829832
Kothrud,5,Furnished,Buy,PreOwned,40846870
Kothrud,5,Furnished,Buy,PreOwned,40946080
Kothrud,5,Furnished,Buy,PreOwned,41857836
Kothrud,5,Furnished,Buy,PreOwned,40924719
Kothrud,5,Furnished,Buy,PreOwned,40441343
Kothrud,5,Non-Furnished,Rent,None,182172
Kothrud,5,Non-Furnished,Rent,None,182242
Kothrud,5,Non-Furnished,Rent,None,178240
Kothrud,5,Non-Furnished,Rent,None,182890
Kothrud,5,Non-Furnished,Rent,None,181150
Kothrud,5,Non-Furnished,Rent,None,180150
Kothrud,5,Non-Furnished,Rent,None,182623
Kothrud,5,Non-Furnished,Rent,None,182204
Kothrud,5,Non-Furnished,Rent,None,179251
Kothrud,5,Non-Furnished,Rent,None,181937
Kothrud,5,Non-Furnished,Rent,None,180535
Kothrud,5,Non-Furnished,Rent,None,180778
Kothrud,5,Non-Furnished,Buy,New,41276070
Kothrud,5,Non-Furnished,Buy,New,41428496
Kothrud,5,Non-Furnished,Buy,New,41207923
Kothrud,5,Non-Furnished,Buy,New,41337360
Kothrud,5,Non-Furnished,Buy,New,41572563
Kothrud,5,Non-Furnished,Buy,New,42135735
Kothrud,5,Non-Furnished,Buy,New,41727071
Kothrud,5,Non-Furnished,Buy,New,41386998
Kothrud,5,Non-Furnished,Buy,New,42203864
Kothrud,5,Non-Furnished,Buy,New,41153001
Kothrud,5,Non-Furnished,Buy,New,40861505
Kothrud,5,Non-Furnished,Buy,New,41322982
Kothrud,5,Non-Furnished,Buy,PreOwned,39910447
Kothrud,5,Non-Furnished,Buy,PreOwned,39713655
Kothrud,5,Non-Furnished,Buy,PreOwned,39932158
Kothrud,5,Non-Furnished,Buy,PreOwned,39985647
Kothrud,5,Non-Furnished,Buy,PreOwned,40361332
Kothrud,5,Non-Furnished,Buy,PreOwned,39703554
Kothrud,5,Non-Furnished,Buy,PreOwned,40179654
Kothrud,5,Non-Furnished,Buy,PreOwned,40278551
Kothrud,5,Non-Furnished,Buy,PreOwned,40430192
Kothrud,5,Non-Furnished,Buy,PreOwned,40478921
Kothrud,5,Non-Furnished,Buy,PreOwned,40109005
Kothrud,5,Non-Furnished,Buy,PreOwned,40421545
Shivaji Nagar,1,Furnished,Rent,None,33030
Shivaji Nagar,1,Furnished,Rent,None,28746
Shivaji Nagar,1,Furnished,Rent,None,37353
Shivaji Nagar,1,Furnished,Rent,None,34593
Shivaji Nagar,1,Furnished,Rent,None,29974
Shivaji Nagar,1,Furnished,Rent,None,35239
Shivaji Nagar,1,Furnished,Rent,None,30825
Shivaji Nagar,1,Furnished,Rent,None,35062
Shivaji Nagar,1,Furnished,Rent,None,35581
Shivaji Nagar,1,Furnished,Rent,None,33911
Shivaji Nagar,1,Furnished,Rent,None,32028
Shivaji Nagar,1,Furnished,Rent,None,28612
Shivaji Nagar,1,Furnished,Buy,New,8233514
Shivaji Nagar,1,Furnished,Buy,New,7956399
Shivaji Nagar,1,Furnished,Buy,New,8552791
Shivaji Nagar,1,Furnished,Buy,New,7909474
Shivaji Nagar,1,Furnished,Buy,New,8034914
Shivaji Nagar,1,Furnished,Buy,New,8259463
Shivaji Nagar,1,Furnished,Buy,New,9836852
Shivaji Nagar,1,Furnished,Buy,New,10218207
Shivaji Nagar,1,Furnished,Buy,New,8550283
Shivaji Nagar,1,Furnished,Buy,New,8944187
Shivaji Nagar,1,Furnished,Buy,New,9123225
Shivaji Nagar,1,Furnished,Buy,New,7727637
Shivaji Nagar,1,Furnished,Buy,PreOwned,6764477
Shivaji Nagar,1,Furnished,Buy,PreOwned,6980844
Shivaji Nagar,1,Furnished,Buy,PreOwned,7523906
Shivaji Nagar,1,Furnished,Buy,PreOwned,6546510
Shivaji Nagar,1,Furnished,Buy,PreOwned,7223483
Shivaji Nagar,1,Furnished,Buy,PreOwned,7133601
Shivaji Nagar,1,Furnished,Buy,PreOwned,8004289
Shivaji Nagar,1,Furnished,Buy,PreOwned,7635264
Shivaji Nagar,1,Furnished,Buy,PreOwned,7588534
Shivaji Nagar,1,Furnished,Buy,PreOwned,6504068
Shivaji Nagar,1,Furnished,Buy,PreOwned,7404761
Shivaji Nagar,1,Furnished,Buy,PreOwned,7101978
Shivaji Nagar,1,Non-Furnished,Rent,None,26882
Shivaji Nagar,1,Non-Furnished,Rent,None,24654
Shivaji Nagar,1,Non-Furnished,Rent,None,24965
Shivaji Nagar,1,Non-Furnished,Rent,None,25963
Shivaji Nagar,1,Non-Furnished,Rent,None,26938
Shivaji Nagar,1,Non-Furnished,Rent,None,25216
Shivaji Nagar,1,Non-Furnished,Rent,None,27790
Shivaji Nagar,1,Non-Furnished,Rent,None,24043
Shivaji Nagar,1,Non-Furnished,Rent,None,25585
Shivaji Nagar,1,Non-Furnished,Rent,None,23080
Shivaji Nagar,1,Non-Furnished,Rent,None,25344
Shivaji Nagar,1,Non-Furnished,Rent,None,24925
Shivaji Nagar,1,Non-Furnished,Buy,New,6552334
Shivaji Nagar,1,Non-Furnished,Buy,New,7562007
Shivaji Nagar,1,Non-Furnished,Buy,New,7287153
Shivaji Nagar,1,Non-Furnished,Buy,New,6740496
Shivaji Nagar,1,Non-Furnished,Buy,New,7673854
Shivaji Nagar,1,Non-Furnished,Buy,New,7011232
Shivaji Nagar,1,Non-Furnished,Buy,New,7328493
Shivaji Nagar,1,Non-Furnished,Buy,New,7276742
Shivaji Nagar,1,Non-Furnished,Buy,New,8028220
Shivaji Nagar,1,Non-Furnished,Buy,New,7619876
Shivaji Nagar,1,Non-Furnished,Buy,New,8299021
Shivaji Nagar,1,Non-Furnished,Buy,New,7592504
Shivaji Nagar,1,Non-Furnished,Buy,PreOwned,6526598
Shivaji Nagar,1,Non-Furnished,Buy,PreOwned,6239859
Shivaji Nagar,1,Non-Furnished,Buy,PreOwned,5915516
Shivaji Nagar,1,Non-Furnished,Buy,PreOwned,5962849
Shivaji Nagar,1,Non-Furnished,Buy,PreOwned,6387808
Shivaji Nagar,1,Non-Furnished,Buy,PreOwned,6500168
Shivaji Nagar,1,Non-Furnished,Buy,PreOwned,5911416
Shivaji Nagar,1,Non-Furnished,Buy,PreOwned,5998038
Shivaji Nagar,1,Non-Furnished,Buy,PreOwned,5782245
Shivaji Nagar,1,Non-Furnished,Buy,PreOwned,6445373
Shivaji Nagar,1,Non-Furnished,Buy,PreOwned,6134564
Shivaji Nagar,1,Non-Furnished,Buy,PreOwned,5766868
Shivaji Nagar,2,Furnished,Rent,None,50074
Shivaji Nagar,2,Furnished,Rent,None,56180
Shivaji Nagar,2,Furnished,Rent,None,48029
Shivaji Nagar,2,Furnished,Rent,None,59401
Shivaji Nagar,2,Furnished,Rent,None,46873
Shivaji Nagar,2,Furnished,Rent,None,58870
Shivaji Nagar,2,Furnished,Rent,None,55249
Shivaji Nagar,2,Furnished,Rent,None,56251
Shivaji Nagar,2,Furnished,Rent,None,52698
Shivaji Nagar,2,Furnished,Rent,None,55726
Shivaji Nagar,2,Furnished,Rent,None,53083
Shivaji Nagar,2,Furnished,Rent,None,49103
Shivaji Nagar,2,Furnished,Buy,New,13664509
Shivaji Nagar,2,Furnished,Buy,New,14372886
Shivaji Nagar,2,Furnished,Buy,New,13643639
Shivaji Nagar,2,Furnished,Buy,New,13810461
Shivaji Nagar,2,Furnished,Buy,New,14405477
Shivaji Nagar,2,Furnished,Buy,New,13120845
Shivaji Nagar,2,Furnished,Buy,New,13252071
Shivaji Nagar,2,Furnished,Buy,New,13030665
Shivaji Nagar,2,Furnished,Buy,New,12618351
Shivaji Nagar,2,Furnished,Buy,New,13114576
Shivaji Nagar,2,Furnished,Buy,New,12631683
Shivaji Nagar,2,Furnished,Buy,New,14505655
Shivaji Nagar,2,Furnished,Buy,PreOwned,12457491
Shivaji Nagar,2,Furnished,Buy,PreOwned,12464634
Shivaji Nagar,2,Furnished,Buy,PreOwned,12133795
Shivaji Nagar,2,Furnished,Buy,PreOwned,11921872
Shivaji Nagar,2,Furnished,Buy,PreOwned,12536966
Shivaji Nagar,2,Furnished,Buy,PreOwned,12143528
Shivaji Nagar,2,Furnished,Buy,PreOwned,12010461
Shivaji Nagar,2,Furnished,Buy,PreOwned,11627442
Shivaji Nagar,2,Furnished,Buy,PreOwned,12709535
Shivaji Nagar,2,Furnished,Buy,PreOwned,12093677
Shivaji Nagar,2,Furnished,Buy,PreOwned,11366921
Shivaji Nagar,2,Furnished,Buy,PreOwned,12165202
Shivaji Nagar,2,Non-Furnished,Rent,None,46203
Shivaji Nagar,2,Non-Furnished,Rent,None,45645
Shivaji Nagar,2,Non-Furnished,Rent,None,46012
Shivaji Nagar,2,Non-Furnished,Rent,None,47937
Shivaji Nagar,2,Non-Furnished,Rent,None,44676
Shivaji Nagar,2,Non-Furnished,Rent,None,46604
Shivaji Nagar,2,Non-Furnished,Rent,None,47272
Shivaji Nagar,2,Non-Furnished,Rent,None,47513
Shivaji Nagar,2,Non-Furnished,Rent,None,46855
Shivaji Nagar,2,Non-Furnished,Rent,None,46207
Shivaji Nagar,2,Non-Furnished,Rent,None,45014
Shivaji Nagar,2,Non-Furnished,Rent,None,46463
Shivaji Nagar,2,Non-Furnished,Buy,New,11783346
Shivaji Nagar,2,Non-Furnished,Buy,New,12143032
Shivaji Nagar,2,Non-Furnished,Buy,New,12087343
Shivaji Nagar,2,Non-Furnished,Buy,New,12864160
Shivaji Nagar,2,Non-Furnished,Buy,New,13143786
Shivaji Nagar,2,Non-Furnished,Buy,New,13546708
Shivaji Nagar,2,Non-Furnished,Buy,New,12770123
Shivaji Nagar,2,Non-Furnished,Buy,New,13257755
Shivaji Nagar,2,Non-Furnished,Buy,New,12292536
Shivaji Nagar,2,Non-Furnished,Buy,New,11774126
Shivaji Nagar,2,Non-Furnished,Buy,New,12625842
Shivaji Nagar,2,Non-Furnished,Buy,New,12559125
Shivaji Nagar,2,Non-Furnished,Buy,PreOwned,11474861
Shivaji Nagar,2,Non-Furnished,Buy,PreOwned,10916071
Shivaji Nagar,2,Non-Furnished,Buy,PreOwned,11456850
Shivaji Nagar,2,Non-Furnished,Buy,PreOwned,10912705
Shivaji Nagar,2,Non-Furnished,Buy,PreOwned,11287402
Shivaji Nagar,2,Non-Furnished,Buy,PreOwned,10842215
Shivaji Nagar,2,Non-Furnished,Buy,PreOwned,10737992
Shivaji Nagar,2,Non-Furnished,Buy,PreOwned,11439115
Shivaji Nagar,2,Non-Furnished,Buy,PreOwned,10991089
Shivaji Nagar,2,Non-Furnished,Buy,PreOwned,10790256
Shivaji Nagar,2,Non-Furnished,Buy,PreOwned,10936423
Shivaji Nagar,2,Non-Furnished,Buy,PreOwned,11122315
Shivaji Nagar,3,Furnished,Rent,None,82638
Shivaji Nagar,3,Furnished,Rent,None,72726
Shivaji Nagar,3,Furnished,Rent,None,72720
Shivaji Nagar,3,Furnished,Rent,None,81703
Shivaji Nagar,3,Furnished,Rent,None,73765
Shivaji Nagar,3,Furnished,Rent,None,80712
Shivaji Nagar,3,Furnished,Rent,None,76244
Shivaji Nagar,3,Furnished,Rent,None,81487
Shivaji Nagar,3,Furnished,Rent,None,77011
Shivaji Nagar,3,Furnished,Rent,None,78724
Shivaji Nagar,3,Furnished,Rent,None,76147
Shivaji Nagar,3,Furnished,Rent,None,76947
Shivaji Nagar,3,Furnished,Buy,New,20955740
Shivaji Nagar,3,Furnished,Buy,New,20509282
Shivaji Nagar,3,Furnished,Buy,New,20586415
Shivaji Nagar,3,Furnished,Buy,New,20241767
Shivaji Nagar,3,Furnished,Buy,New,19731507
Shivaji Nagar,3,Furnished,Buy,New,19693862
Shivaji Nagar,3,Furnished,Buy,New,20584685
Shivaji Nagar,3,Furnished,Buy,New,20112831
Shivaji Nagar,3,Furnished,Buy,New,19840101
Shivaji Nagar,3,Furnished,Buy,New,21093742
Shivaji Nagar,3,Furnished,Buy,New,20799502
Shivaji Nagar,3,Furnished,Buy,New,21179020
Shivaji Nagar,3,Furnished,Buy,PreOwned,19091832
Shivaji Nagar,3,Furnished,Buy,PreOwned,19608842
Shivaji Nagar,3,Furnished,Buy,PreOwned,19191753
Shivaji Nagar,3,Furnished,Buy,PreOwned,19107944
Shivaji Nagar,3,Furnished,Buy,PreOwned,18746913
Shivaji Nagar,3,Furnished,Buy,PreOwned,19684814
Shivaji Nagar,3,Furnished,Buy,PreOwned,19143670
Shivaji Nagar,3,Furnished,Buy,PreOwned,18411553
Shivaji Nagar,3,Furnished,Buy,PreOwned,19004287
Shivaji Nagar,3,Furnished,Buy,PreOwned,19727509
Shivaji Nagar,3,Furnished,Buy,PreOwned,18731322
Shivaji Nagar,3,Furnished,Buy,PreOwned,18465132
Shivaji Nagar,3,Non-Furnished,Rent,None,69708
Shivaji Nagar,3,Non-Furnished,Rent,None,70231
Shivaji Nagar,3,Non-Furnished,Rent,None,69105
Shivaji Nagar,3,Non-Furnished,Rent,None,72635
Shivaji Nagar,3,Non-Furnished,Rent,None,71019
Shivaji Nagar,3,Non-Furnished,Rent,None,70780
Shivaji Nagar,3,Non-Furnished,Rent,None,70782
Shivaji Nagar,3,Non-Furnished,Rent,None,72733
Shivaji Nagar,3,Non-Furnished,Rent,None,70048
Shivaji Nagar,3,Non-Furnished,Rent,None,69459
Shivaji Nagar,3,Non-Furnished,Rent,None,68314
Shivaji Nagar,3,Non-Furnished,Rent,None,68954
Shivaji Nagar,3,Non-Furnished,Buy,New,20448791
Shivaji Nagar,3,Non-Furnished,Buy,New,19854521
Shivaji Nagar,3,Non-Furnished,Buy,New,20455856
Shivaji Nagar,3,Non-Furnished,Buy,New,19530841
Shivaji Nagar,3,Non-Furnished,Buy,New,19526100
Shivaji Nagar,3,Non-Furnished,Buy,New,19356802
Shivaji Nagar,3,Non-Furnished,Buy,New,20425903
Shivaji Nagar,3,Non-Furnished,Buy,New,19548784
Shivaji Nagar,3,Non-Furnished,Buy,New,18775968
Shivaji Nagar,3,Non-Furnished,Buy,New,20597267
Shivaji Nagar,3,Non-Furnished,Buy,New,18944242
Shivaji Nagar,3,Non-Furnished,Buy,New,19096938
Shivaji Nagar,3,Non-Furnished,Buy,PreOwned,18582963
Shivaji Nagar,3,Non-Furnished,Buy,PreOwned,18319784
Shivaji Nagar,3,Non-Furnished,Buy,PreOwned,18402082
Shivaji Nagar,3,Non-Furnished,Buy,PreOwned,18324460
Shivaji Nagar,3,Non-Furnished,Buy,PreOwned,18359683
Shivaji Nagar,3,Non-Furnished,Buy,PreOwned,18296300
Shivaji Nagar,3,Non-Furnished,Buy,PreOwned,17707710
Shivaji Nagar,3,Non-Furnished,Buy,PreOwned,18389299
Shivaji Nagar,3,Non-Furnished,Buy,PreOwned,18380427
Shivaji Nagar,3,Non-Furnished,Buy,PreOwned,18365387
Shivaji Nagar,3,Non-Furnished,Buy,PreOwned,17969487
Shivaji Nagar,3,Non-Furnished,Buy,PreOwned,18109952
Shivaji Nagar,4,Furnished,Rent,None,123892
Shivaji Nagar,4,Furnished,Rent,None,124781
Shivaji Nagar,4,Furnished,Rent,None,125570
Shivaji Nagar,4,Furnished,Rent,None,127331
Shivaji Nagar,4,Furnished,Rent,None,129016
Shivaji Nagar,4,Furnished,Rent,None,125763
Shivaji Nagar,4,Furnished,Rent,None,125159
Shivaji Nagar,4,Furnished,Rent,None,127994
Shivaji Nagar,4,Furnished,Rent,None,130857
Shivaji Nagar,4,Furnished,Rent,None,129313
Shivaji Nagar,4,Furnished,Rent,None,121813
Shivaji Nagar,4,Furnished,Rent,None,126284
Shivaji Nagar,4,Furnished,Buy,New,27929460
Shivaji Nagar,4,Furnished,Buy,New,29329853
Shivaji Nagar,4,Furnished,Buy,New,28897282
Shivaji Nagar,4,Furnished,Buy,New,28569975
Shivaji Nagar,4,Furnished,Buy,New,28241075
Shivaji Nagar,4,Furnished,Buy,New,28329659
Shivaji Nagar,4,Furnished,Buy,New,29563163
Shivaji Nagar,4,Furnished,Buy,New,29007700
Shivaji Nagar,4,Furnished,Buy,New,29213684
Shivaji Nagar,4,Furnished,Buy,New,28927390
Shivaji Nagar,4,Furnished,Buy,New,29246787
Shivaji Nagar,4,Furnished,Buy,New,28854141
Shivaji Nagar,4,Furnished,Buy,PreOwned,27510516
Shivaji Nagar,4,Furnished,Buy,PreOwned,27280217
Shivaji Nagar,4,Furnished,Buy,PreOwned,27405706
Shivaji Nagar,4,Furnished,Buy,PreOwned,27028999
Shivaji Nagar,4,Furnished,Buy,PreOwned,27221128
Shivaji Nagar,4,Furnished,Buy,PreOwned,27522945
Shivaji Nagar,4,Furnished,Buy,PreOwned,27001291
Shivaji Nagar,4,Furnished,Buy,PreOwned,26864905
Shivaji Nagar,4,Furnished,Buy,PreOwned,26896829
Shivaji Nagar,4,Furnished,Buy,PreOwned,27384330
Shivaji Nagar,4,Furnished,Buy,PreOwned,26702438
Shivaji Nagar,4,Furnished,Buy,PreOwned,26594693
Shivaji Nagar,4,Non-Furnished,Rent,None,119576
Shivaji Nagar,4,Non-Furnished,Rent,None,120787
Shivaji Nagar,4,Non-Furnished,Rent,None,122499
Shivaji Nagar,4,Non-Furnished,Rent,None,122101
Shivaji Nagar,4,Non-Furnished,Rent,None,122157
Shivaji Nagar,4,Non-Furnished,Rent,None,120721
Shivaji Nagar,4,Non-Furnished,Rent,None,121636
Shivaji Nagar,4,Non-Furnished,Rent,None,121415
Shivaji Nagar,4,Non-Furnished,Rent,None,118306
Shivaji Nagar,4,Non-Furnished,Rent,None,120803
Shivaji Nagar,4,Non-Furnished,Rent,None,121823
Shivaji Nagar,4,Non-Furnished,Rent,None,120985
Shivaji Nagar,4,Non-Furnished,Buy,New,28876445
Shivaji Nagar,4,Non-Furnished,Buy,New,26946333
Shivaji Nagar,4,Non-Furnished,Buy,New,27117184
Shivaji Nagar,4,Non-Furnished,Buy,New,27520650
Shivaji Nagar,4,Non-Furnished,Buy,New,28486550
Shivaji Nagar,4,Non-Furnished,Buy,New,28440609
Shivaji Nagar,4,Non-Furnished,Buy,New,27348866
Shivaji Nagar,4,Non-Furnished,Buy,New,28205436
Shivaji Nagar,4,Non-Furnished,Buy,New,27729406
Shivaji Nagar,4,Non-Furnished,Buy,New,28121551
Shivaji Nagar,4,Non-Furnished,Buy,New,27951175
Shivaji Nagar,4,Non-Furnished,Buy,New,26827564
Shivaji Nagar,4,Non-Furnished,Buy,PreOwned,26206353
Shivaji Nagar,4,Non-Furnished,Buy,PreOwned,25875236
Shivaji Nagar,4,Non-Furnished,Buy,PreOwned,25981200
Shivaji Nagar,4,Non-Furnished,Buy,PreOwned,26284416
Shivaji Nagar,4,Non-Furnished,Buy,PreOwned,26071223
Shivaji Nagar,4,Non-Furnished,Buy,PreOwned,25849505
Shivaji Nagar,4,Non-Furnished,Buy,PreOwned,26428518
Shivaji Nagar,4,Non-Furnished,Buy,PreOwned,26304945
Shivaji Nagar,4,Non-Furnished,Buy,PreOwned,25962424
Shivaji Nagar,4,Non-Furnished,Buy,PreOwned,25788092
Shivaji Nagar,4,Non-Furnished,Buy,PreOwned,25898348
Shivaji Nagar,4,Non-Furnished,Buy,PreOwned,26098820
Shivaji Nagar,5,Furnished,Rent,None,182552
Shivaji Nagar,5,Furnished,Rent,None,186035
Shivaji Nagar,5,Furnished,Rent,None,187593
Shivaji Nagar,5,Furnished,Rent,None,185827
Shivaji Nagar,5,Furnished,Rent,None,188766
Shivaji Nagar,5,Furnished,Rent,None,184402
Shivaji Nagar,5,Furnished,Rent,None,183354
Shivaji Nagar,5,Furnished,Rent,None,189134
Shivaji Nagar,5,Furnished,Rent,None,185362
Shivaji Nagar,5,Furnished,Rent,None,190971
Shivaji Nagar,5,Furnished,Rent,None,186361
Shivaji Nagar,5,Furnished,Rent,None,183013
Shivaji Nagar,5,Furnished,Buy,New,42637466
Shivaji Nagar,5,Furnished,Buy,New,42150087
Shivaji Nagar,5,Furnished,Buy,New,43208145
Shivaji Nagar,5,Furnished,Buy,New,41747315
Shivaji Nagar,5,Furnished,Buy,New,43216990
Shivaji Nagar,5,Furnished,Buy,New,42981086
Shivaji Nagar,5,Furnished,Buy,New,42725942
Shivaji Nagar,5,Furnished,Buy,New,42536006
Shivaji Nagar,5,Furnished,Buy,New,43243065
Shivaji Nagar,5,Furnished,Buy,New,41958209
Shivaji Nagar,5,Furnished,Buy,New,42591779
Shivaji Nagar,5,Furnished,Buy,New,43614326
Shivaji Nagar,5,Furnished,Buy,PreOwned,40676956
Shivaji Nagar,5,Furnished,Buy,PreOwned,41004997
Shivaji Nagar,5,Furnished,Buy,PreOwned,41536636
Shivaji Nagar,5,Furnished,Buy,PreOwned,41669809
Shivaji Nagar,5,Furnished,Buy,PreOwned,41510717
Shivaji Nagar,5,Furnished,Buy,PreOwned,40717457
Shivaji Nagar,5,Furnished,Buy,PreOwned,40880904
Shivaji Nagar,5,Furnished,Buy,PreOwned,41552469
Shivaji Nagar,5,Furnished,Buy,PreOwned,40944040
Shivaji Nagar,5,Furnished,Buy,PreOwned,41186849
Shivaji Nagar,5,Furnished,Buy,PreOwned,41520734
Shivaji Nagar,5,Furnished,Buy,PreOwned,41903315
Shivaji Nagar,5,Non-Furnished,Rent,None,181973
Shivaji Nagar,5,Non-Furnished,Rent,None,182807
Shivaji Nagar,5,Non-Furnished,Rent,None,182636
Shivaji Nagar,5,Non-Furnished,Rent,None,180898
Shivaji Nagar,5,Non-Furnished,Rent,None,178103
Shivaji Nagar,5,Non-Furnished,Rent,None,179416
Shivaji Nagar,5,Non-Furnished,Rent,None,178416
Shivaji Nagar,5,Non-Furnished,Rent,None,178900
Shivaji Nagar,5,Non-Furnished,Rent,None,182398
Shivaji Nagar,5,Non-Furnished,Rent,None,182108
Shivaji Nagar,5,Non-Furnished,Rent,None,181556
Shivaji Nagar,5,Non-Furnished,Rent,None,182226
Shivaji Nagar,5,Non-Furnished,Buy,New,42013213
Shivaji Nagar,5,Non-Furnished,Buy,New,40983586
Shivaji Nagar,5,Non-Furnished,Buy,New,42533935
Shivaji Nagar,5,Non-Furnished,Buy,New,40994695
Shivaji Nagar,5,Non-Furnished,Buy,New,41736619
Shivaji Nagar,5,Non-Furnished,Buy,New,42319438
Shivaji Nagar,5,Non-Furnished,Buy,New,41620892
Shivaji Nagar,5,Non-Furnished,Buy,New,41762686
Shivaji Nagar,5,Non-Furnished,Buy,New,41805393
Shivaji Nagar,5,Non-Furnished,Buy,New,40692551
Shivaji Nagar,5,Non-Furnished,Buy,New,42388499
Shivaji Nagar,5,Non-Furnished,Buy,New,40397848
Shivaji Nagar,5,Non-Furnished,Buy,PreOwned,40378286
Shivaji Nagar,5,Non-Furnished,Buy,PreOwned,40120201
Shivaji Nagar,5,Non-Furnished,Buy,PreOwned,39992058
Shivaji Nagar,5,Non-Furnished,Buy,PreOwned,39878490
Shivaji Nagar,5,Non-Furnished,Buy,PreOwned,40344414
Shivaji Nagar,5,Non-Furnished,Buy,PreOwned,40286960
Shivaji Nagar,5,Non-Furnished,Buy,PreOwned,40307428
Shivaji Nagar,5,Non-Furnished,Buy,PreOwned,39938463
Shivaji Nagar,5,Non-Furnished,Buy,PreOwned,40419476
Shivaji Nagar,5,Non-Furnished,Buy,PreOwned,39735709
Shivaji Nagar,5,Non-Furnished,Buy,PreOwned,40056668
Shivaji Nagar,5,Non-Furnished,Buy,PreOwned,40338618
Baner,1,Furnished,Rent,None,34606
Baner,1,Furnished,Rent,None,32877
Baner,1,Furnished,Rent,None,26565
Baner,1,Furnished,Rent,None,29749
Baner,1,Furnished,Rent,None,35029
Baner,1,Furnished,Rent,None,35070
Baner,1,Furnished,Rent,None,31245
Baner,1,Furnished,Rent,None,30233
Baner,1,Furnished,Rent,None,35902
Baner,1,Furnished,Rent,None,37700
Baner,1,Furnished,Rent,None,26626
Baner,1,Furnished,Rent,None,34087
Baner,1,Furnished,Buy,New,8964950
Baner,1,Furnished,Buy,New,8323711
Baner,1,Furnished,Buy,New,8209671
Baner,1,Furnished,Buy,New,8177731
Baner,1,Furnished,Buy,New,7437329
Baner,1,Furnished,Buy,New,8183069
Baner,1,Furnished,Buy,New,10069512
Baner,1,Furnished,Buy,New,7668145
Baner,1,Furnished,Buy,New,7766344
Baner,1,Furnished,Buy,New,9804970
Baner,1,Furnished,Buy,New,9019340
Baner,1,Furnished,Buy,New,8773456
Baner,1,Furnished,Buy,PreOwned,7309100
Baner,1,Furnished,Buy,PreOwned,7161668
Baner,1,Furnished,Buy,PreOwned,7563121
Baner,1,Furnished,Buy,PreOwned,7176839
Baner,1,Furnished,Buy,PreOwned,7491928
Baner,1,Furnished,Buy,PreOwned,7356763
Baner,1,Furnished,Buy,PreOwned,6841852
Baner,1,Furnished,Buy,PreOwned,7042338
Baner,1,Furnished,Buy,PreOwned,7169669
Baner,1,Furnished,Buy,PreOwned,6750768
Baner,1,Furnished,Buy,PreOwned,7354010
Baner,1,Furnished,Buy,PreOwned,6734925
Baner,1,Non-Furnished,Rent,None,25301
Baner,1,Non-Furnished,Rent,None,27592
Baner,1,Non-Furnished,Rent,None,24108
Baner,1,Non-Furnished,Rent,None,25952
Baner,1,Non-Furnished,Rent,None,26724
Baner,1,Non-Furnished,Rent,None,27491
Baner,1,Non-Furnished,Rent,None,27299
Baner,1,Non-Furnished,Rent,None,27144
Baner,1,Non-Furnished,Rent,None,25053
Baner,1,Non-Furnished,Rent,None,26370
Baner,1,Non-Furnished,Rent,None,23042
Baner,1,Non-Furnished,Rent,None,26677
Baner,1,Non-Furnished,Buy,New,8598415
Baner,1,Non-Furnished,Buy,New,6756496
Baner,1,Non-Furnished,Buy,New,7534735
Baner,1,Non-Furnished,Buy,New,8484530
Baner,1,Non-Furnished,Buy,New,7386565
Baner,1,Non-Furnished,Buy,New,7834783
Baner,1,Non-Furnished,Buy,New,8145604
Baner,1,Non-Furnished,Buy,New,7775258
Baner,1,Non-Furnished,Buy,New,6587082
Baner,1,Non-Furnished,Buy,New,7608776
Baner,1,Non-Furnished,Buy,New,7618137
Baner,1,Non-Furnished,Buy,New,6643871
Baner,1,Non-Furnished,Buy,PreOwned,6124594
Baner,1,Non-Furnished,Buy,PreOwned,5741283
Baner,1,Non-Furnished,Buy,PreOwned,6346951
Baner,1,Non-Furnished,Buy,PreOwned,6434824
Baner,1,Non-Furnished,Buy,PreOwned,5822213
Baner,1,Non-Furnished,Buy,PreOwned,6089212
Baner,1,Non-Furnished,Buy,PreOwned,6174578
Baner,1,Non-Furnished,Buy,PreOwned,6101734
Baner,1,Non-Furnished,Buy,PreOwned,5968009
Baner,1,Non-Furnished,Buy,PreOwned,5755462
Baner,1,Non-Furnished,Buy,PreOwned,6051467
Baner,1,Non-Furnished,Buy,PreOwned,6228069
Baner,2,Furnished,Rent,None,53848
Baner,2,Furnished,Rent,None,51466
Baner,2,Furnished,Rent,None,54854
Baner,2,Furnished,Rent,None,53719
Baner,2,Furnished,Rent,None,51695
Baner,2,Furnished,Rent,None,54408
Baner,2,Furnished,Rent,None,58651
Baner,2,Furnished,Rent,None,51596
Baner,2,Furnished,Rent,None,56424
Baner,2,Furnished,Rent,None,51561
Baner,2,Furnished,Rent,None,54390
Baner,2,Furnished,Rent,None,52759
Baner,2,Furnished,Buy,New,14210684
Baner,2,Furnished,Buy,New,15261950
Baner,2,Furnished,Buy,New,15079912
Baner,2,Furnished,Buy,New,13922376
Baner,2,Furnished,Buy,New,14439859
Baner,2,Furnished,Buy,New,13489951
Baner,2,Furnished,Buy,New,14041375
Baner,2,Furnished,Buy,New,13699882
Baner,2,Furnished,Buy,New,13990680
Baner,2,Furnished,Buy,New,14286194
Baner,2,Furnished,Buy,New,14023518
Baner,2,Furnished,Buy,New,13423611
Baner,2,Furnished,Buy,PreOwned,12070245
Baner,2,Furnished,Buy,PreOwned,12238291
Baner,2,Furnished,Buy,PreOwned,11618790
Baner,2,Furnished,Buy,PreOwned,11628880
Baner,2,Furnished,Buy,PreOwned,11995219
Baner,2,Furnished,Buy,PreOwned,11425385
Baner,2,Furnished,Buy,PreOwned,11936214
Baner,2,Furnished,Buy,PreOwned,12089927
Baner,2,Furnished,Buy,PreOwned,12204607
Baner,2,Furnished,Buy,PreOwned,12268140
Baner,2,Furnished,Buy,PreOwned,12236402
Baner,2,Furnished,Buy,PreOwned,12023181
Baner,2,Non-Furnished,Rent,None,44497
Baner,2,Non-Furnished,Rent,None,46027
Baner,2,Non-Furnished,Rent,None,44594
Baner,2,Non-Furnished,Rent,None,46202
Baner,2,Non-Furnished,Rent,None,46115
Baner,2,Non-Furnished,Rent,None,43485
Baner,2,Non-Furnished,Rent,None,43037
Baner,2,Non-Furnished,Rent,None,43551
Baner,2,Non-Furnished,Rent,None,47199
Baner,2,Non-Furnished,Rent,None,47919
Baner,2,Non-Furnished,Rent,None,43547
Baner,2,Non-Furnished,Rent,None,44291
Baner,2,Non-Furnished,Buy,New,11869678
Baner,2,Non-Furnished,Buy,New,12813103
Baner,2,Non-Furnished,Buy,New,13278966
Baner,2,Non-Furnished,Buy,New,12226601
Baner,2,Non-Furnished,Buy,New,13271161
Baner,2,Non-Furnished,Buy,New,13007718
Baner,2,Non-Furnished,Buy,New,12703041
Baner,2,Non-Furnished,Buy,New,13181540
Baner,2,Non-Furnished,Buy,New,11982396
Baner,2,Non-Furnished,Buy,New,13092566
Baner,2,Non-Furnished,Buy,New,12814172
Baner,2,Non-Furnished,Buy,New,13192311
Baner,2,Non-Furnished,Buy,PreOwned,11321326
Baner,2,Non-Furnished,Buy,PreOwned,11214021
Baner,2,Non-Furnished,Buy,PreOwned,11561581
Baner,2,Non-Furnished,Buy,PreOwned,11154863
Baner,2,Non-Furnished,Buy,PreOwned,11266273
Baner,2,Non-Furnished,Buy,PreOwned,10984262
Baner,2,Non-Furnished,Buy,PreOwned,11491059
Baner,2,Non-Furnished,Buy,PreOwned,11404370
Baner,2,Non-Furnished,Buy,PreOwned,11373681
Baner,2,Non-Furnished,Buy,PreOwned,11313966
Baner,2,Non-Furnished,Buy,PreOwned,10840609
Baner,2,Non-Furnished,Buy,PreOwned,11449112
Baner,3,Furnished,Rent,None,78738
Baner,3,Furnished,Rent,None,81734
Baner,3,Furnished,Rent,None,77386
Baner,3,Furnished,Rent,None,79303
Baner,3,Furnished,Rent,None,84652
Baner,3,Furnished,Rent,None,76791
Baner,3,Furnished,Rent,None,78781
Baner,3,Furnished,Rent,None,80492
Baner,3,Furnished,Rent,None,77324
Baner,3,Furnished,Rent,None,73273
Baner,3,Furnished,Rent,None,75545
Baner,3,Furnished,Rent,None,73697
Baner,3,Furnished,Buy,New,21445629
Baner,3,Furnished,Buy,New,19160210
Baner,3,Furnished,Buy,New,20905519
Baner,3,Furnished,Buy,New,20484097
Baner,3,Furnished,Buy,New,21256791
Baner,3,Furnished,Buy,New,20362998
Baner,3,Furnished,Buy,New,19943195
Baner,3,Furnished,Buy,New,20651198
Baner,3,Furnished,Buy,New,21360802
Baner,3,Furnished,Buy,New,22125467
Baner,3,Furnished,Buy,New,21721334
Baner,3,Furnished,Buy,New,19236841
Baner,3,Furnished,Buy,PreOwned,18560309
Baner,3,Furnished,Buy,PreOwned,18522985
Baner,3,Furnished,Buy,PreOwned,19500576
Baner,3,Furnished,Buy,PreOwned,18488479
Baner,3,Furnished,Buy,PreOwned,19280122
Baner,3,Furnished,Buy,PreOwned,19379180
Baner,3,Furnished,Buy,PreOwned,18544601
Baner,3,Furnished,Buy,PreOwned,18838820
Baner,3,Furnished,Buy,PreOwned,18977949
Baner,3,Furnished,Buy,PreOwned,19620187
Baner,3,Furnished,Buy,PreOwned,18574657
Baner,3,Furnished,Buy,PreOwned,18515727
Baner,3,Non-Furnished,Rent,None,70755
Baner,3,Non-Furnished,Rent,None,72172
Baner,3,Non-Furnished,Rent,None,68513
Baner,3,Non-Furnished,Rent,None,69652
Baner,3,Non-Furnished,Rent,None,70590
Baner,3,Non-Furnished,Rent,None,72233
Baner,3,Non-Furnished,Rent,None,70149
Baner,3,Non-Furnished,Rent,None,70038
Baner,3,Non-Furnished,Rent,None,69443
Baner,3,Non-Furnished,Rent,None,71455
Baner,3,Non-Furnished,Rent,None,69436
Baner,3,Non-Furnished,Rent,None,70414
Baner,3,Non-Furnished,Buy,New,20121817
Baner,3,Non-Furnished,Buy,New,19222722
Baner,3,Non-Furnished,Buy,New,19110361
Baner,3,Non-Furnished,Buy,New,20284151
Baner,3,Non-Furnished,Buy,New,20408400
Baner,3,Non-Furnished,Buy,New,19060307
Baner,3,Non-Furnished,Buy,New,19782808
Baner,3,Non-Furnished,Buy,New,20325770
Baner,3,Non-Furnished,Buy,New,19206002
Baner,3,Non-Furnished,Buy,New,19231032
Baner,3,Non-Furnished,Buy,New,20667648
Baner,3,Non-Furnished,Buy,New,20825633
Baner,3,Non-Furnished,Buy,PreOwned,18302100
Baner,3,Non-Furnished,Buy,PreOwned,17731311
Baner,3,Non-Furnished,Buy,PreOwned,17764547
Baner,3,Non-Furnished,Buy,PreOwned,17812430
Baner,3,Non-Furnished,Buy,PreOwned,17864252
Baner,3,Non-Furnished,Buy,PreOwned,18019061
Baner,3,Non-Furnished,Buy,PreOwned,17750727
Baner,3,Non-Furnished,Buy,PreOwned,17855767
Baner,3,Non-Furnished,Buy,PreOwned,18383384
Baner,3,Non-Furnished,Buy,PreOwned,18357558
Baner,3,Non-Furnished,Buy,PreOwned,18547250
Baner,3,Non-Furnished,Buy,PreOwned,17720089
Baner,4,Furnished,Rent,None,127319
Baner,4,Furnished,Rent,None,131153
Baner,4,Furnished,Rent,None,128403
Baner,4,Furnished,Rent,None,131075
Baner,4,Furnished,Rent,None,126274
Baner,4,Furnished,Rent,None,127487
Baner,4,Furnished,Rent,None,131700
Baner,4,Furnished,Rent,None,130158
Baner,4,Furnished,Rent,None,127276
Baner,4,Furnished,Rent,None,131388
Baner,4,Furnished,Rent,None,123236
Baner,4,Furnished,Rent,None,125544
Baner,4,Furnished,Buy,New,28611873
Baner,4,Furnished,Buy,New,29797882
Baner,4,Furnished,Buy,New,28914306
Baner,4,Furnished,Buy,New,28666189
Baner,4,Furnished,Buy,New,29145766
Baner,4,Furnished,Buy,New,28796428
Baner,4,Furnished,Buy,New,30238671
Baner,4,Furnished,Buy,New,29862049
Baner,4,Furnished,Buy,New,28051284
Baner,4,Furnished,Buy,New,28901525
Baner,4,Furnished,Buy,New,29334096
Baner,4,Furnished,Buy,New,28899183
Baner,4,Furnished,Buy,PreOwned,26571760
Baner,4,Furnished,Buy,PreOwned,27132090
Baner,4,Furnished,Buy,PreOwned,26280278
Baner,4,Furnished,Buy,PreOwned,27102236
Baner,4,Furnished,Buy,PreOwned,26621192
Baner,4,Furnished,Buy,PreOwned,26433774
Baner,4,Furnished,Buy,PreOwned,26632387
Baner,4,Furnished,Buy,PreOwned,26952107
Baner,4,Furnished,Buy,PreOwned,26682714
Baner,4,Furnished,Buy,PreOwned,27868618
Baner,4,Furnished,Buy,PreOwned,27101208
Baner,4,Furnished,Buy,PreOwned,26648993
Baner,4,Non-Furnished,Rent,None,118856
Baner,4,Non-Furnished,Rent,None,119773
Baner,4,Non-Furnished,Rent,None,122115
Baner,4,Non-Furnished,Rent,None,122395
Baner,4,Non-Furnished,Rent,None,121630
Baner,4,Non-Furnished,Rent,None,122105
Baner,4,Non-Furnished,Rent,None,122209
Baner,4,Non-Furnished,Rent,None,122291
Baner,4,Non-Furnished,Rent,None,122045
Baner,4,Non-Furnished,Rent,None,122787
Baner,4,Non-Furnished,Rent,None,120333
Baner,4,Non-Furnished,Rent,None,118963
Baner,4,Non-Furnished,Buy,New,28224066
Baner,4,Non-Furnished,Buy,New,27461741
Baner,4,Non-Furnished,Buy,New,27672871
Baner,4,Non-Furnished,Buy,New,28039954
Baner,4,Non-Furnished,Buy,New,28155863
Baner,4,Non-Furnished,Buy,New,26660931
Baner,4,Non-Furnished,Buy,New,27560933
Baner,4,Non-Furnished,Buy,New,27683701
Baner,4,Non-Furnished,Buy,New,28598621
Baner,4,Non-Furnished,Buy,New,28432278
Baner,4,Non-Furnished,Buy,New,26917931
Baner,4,Non-Furnished,Buy,New,28033951
Baner,4,Non-Furnished,Buy,PreOwned,26054800
Baner,4,Non-Furnished,Buy,PreOwned,25984082
Baner,4,Non-Furnished,Buy,PreOwned,25935444
Baner,4,Non-Furnished,Buy,PreOwned,26046488
Baner,4,Non-Furnished,Buy,PreOwned,26289943
Baner,4,Non-Furnished,Buy,PreOwned,25983389
Baner,4,Non-Furnished,Buy,PreOwned,26107497
Baner,4,Non-Furnished,Buy,PreOwned,25810951
Baner,4,Non-Furnished,Buy,PreOwned,26365656
Baner,4,Non-Furnished,Buy,PreOwned,26068646
Baner,4,Non-Furnished,Buy,PreOwned,26355748
Baner,4,Non-Furnished,Buy,PreOwned,25876570
Baner,5,Furnished,Rent,None,185802
Baner,5,Furnished,Rent,None,186953
Baner,5,Furnished,Rent,None,181858
Baner,5,Furnished,Rent,None,187170
Baner,5,Furnished,Rent,None,189884
Baner,5,Furnished,Rent,None,190066
Baner,5,Furnished,Rent,None,181936
Baner,5,Furnished,Rent,None,183570
Baner,5,Furnished,Rent,None,188158
Baner,5,Furnished,Rent,None,185971
Baner,5,Furnished,Rent,None,189615
Baner,5,Furnished,Rent,None,193649
Baner,5,Furnished,Buy,New,43143153
Baner,5,Furnished,Buy,New,43329114
Baner,5,Furnished,Buy,New,41911392
Baner,5,Furnished,Buy,New,41610224
Baner,5,Furnished,Buy,New,42476114
Baner,5,Furnished,Buy,New,42771099
Baner,5,Furnished,Buy,New,44269244
Baner,5,Furnished,Buy,New,43062184
Baner,5,Furnished,Buy,New,41792289
Baner,5,Furnished,Buy,New,42511481
Baner,5,Furnished,Buy,New,41441333
Baner,5,Furnished,Buy,New,41545144
Baner,5,Furnished,Buy,PreOwned,40971253
Baner,5,Furnished,Buy,PreOwned,41586194
Baner,5,Furnished,Buy,PreOwned,41247979
Baner,5,Furnished,Buy,PreOwned,41398111
Baner,5,Furnished,Buy,PreOwned,41269763
Baner,5,Furnished,Buy,PreOwned,40474629
Baner,5,Furnished,Buy,PreOwned,41420460
Baner,5,Furnished,Buy,PreOwned,41108375
Baner,5,Furnished,Buy,PreOwned,40765844
Baner,5,Furnished,Buy,PreOwned,41112586
Baner,5,Furnished,Buy,PreOwned,41431337
Baner,5,Furnished,Buy,PreOwned,41241948
Baner,5,Non-Furnished,Rent,None,178088
Baner,5,Non-Furnished,Rent,None,181331
Baner,5,Non-Furnished,Rent,None,181206
Baner,5,Non-Furnished,Rent,None,181144
Baner,5,Non-Furnished,Rent,None,179110
Baner,5,Non-Furnished,Rent,None,179769
Baner,5,Non-Furnished,Rent,None,178738
Baner,5,Non-Furnished,Rent,None,179228
Baner,5,Non-Furnished,Rent,None,181252
Baner,5,Non-Furnished,Rent,None,180571
Baner,5,Non-Furnished,Rent,None,178593
Baner,5,Non-Furnished,Rent,None,178640
Baner,5,Non-Furnished,Buy,New,40667417
Baner,5,Non-Furnished,Buy,New,41679200
Baner,5,Non-Furnished,Buy,New,41023903
Baner,5,Non-Furnished,Buy,New,42292170
Baner,5,Non-Furnished,Buy,New,41447361
Baner,5,Non-Furnished,Buy,New,40565785
Baner,5,Non-Furnished,Buy,New,41991610
Baner,5,Non-Furnished,Buy,New,41523297
Baner,5,Non-Furnished,Buy,New,41104614
Baner,5,Non-Furnished,Buy,New,42780242
Baner,5,Non-Furnished,Buy,New,41269027
Baner,5,Non-Furnished,Buy,New,42719763
Baner,5,Non-Furnished,Buy,PreOwned,40169857
Baner,5,Non-Furnished,Buy,PreOwned,39866695
Baner,5,Non-Furnished,Buy,PreOwned,40396693
Baner,5,Non-Furnished,Buy,PreOwned,40165669
Baner,5,Non-Furnished,Buy,PreOwned,40174333
Baner,5,Non-Furnished,Buy,PreOwned,39929331
Baner,5,Non-Furnished,Buy,PreOwned,39783672
Baner,5,Non-Furnished,Buy,PreOwned,40291349
Baner,5,Non-Furnished,Buy,PreOwned,40440748
Baner,5,Non-Furnished,Buy,PreOwned,40566635
Baner,5,Non-Furnished,Buy,PreOwned,40279596
Baner,5,Non-Furnished,Buy,PreOwned,40555280
Kharadi,1,Furnished,Rent,None,38053
Kharadi,1,Furnished,Rent,None,34725
Kharadi,1,Furnished,Rent,None,27818
Kharadi,1,Furnished,Rent,None,27529
Kharadi,1,Furnished,Rent,None,34596
Kharadi,1,Furnished,Rent,None,33335
Kharadi,1,Furnished,Rent,None,30398
Kharadi,1,Furnished,Rent,None,34435
Kharadi,1,Furnished,Rent,None,33258
Kharadi,1,Furnished,Rent,None,27254
Kharadi,1,Furnished,Rent,None,28953
Kharadi,1,Furnished,Rent,None,36447
Kharadi,1,Furnished,Buy,New,8882600
Kharadi,1,Furnished,Buy,New,8168998
Kharadi,1,Furnished,Buy,New,8816052
Kharadi,1,Furnished,Buy,New,7922526
Kharadi,1,Furnished,Buy,New,7918841
Kharadi,1,Furnished,Buy,New,8776638
Kharadi,1,Furnished,Buy,New,8682115
Kharadi,1,Furnished,Buy,New,7842750
Kharadi,1,Furnished,Buy,New,8896622
Kharadi,1,Furnished,Buy,New,8452183
Kharadi,1,Furnished,Buy,New,8004644
Kharadi,1,Furnished,Buy,New,9075135
Kharadi,1,Furnished,Buy,PreOwned,7868776
Kharadi,1,Furnished,Buy,PreOwned,7156200
Kharadi,1,Furnished,Buy,PreOwned,7033411
Kharadi,1,Furnished,Buy,PreOwned,7113105
Kharadi,1,Furnished,Buy,PreOwned,7922505
Kharadi,1,Furnished,Buy,PreOwned,7061012
Kharadi,1,Furnished,Buy,PreOwned,6575804
Kharadi,1,Furnished,Buy,PreOwned,7034558
Kharadi,1,Furnished,Buy,PreOwned,7041687
Kharadi,1,Furnished,Buy,PreOwned,6848852
Kharadi,1,Furnished,Buy,PreOwned,6653364
Kharadi,1,Furnished,Buy,PreOwned,7059674
Kharadi,1,Non-Furnished,Rent,None,25287
Kharadi,1,Non-Furnished,Rent,None,25081
Kharadi,1,Non-Furnished,Rent,None,27465
Kharadi,1,Non-Furnished,Rent,None,23851
Kharadi,1,Non-Furnished,Rent,None,23816
Kharadi,1,Non-Furnished,Rent,None,23001
Kharadi,1,Non-Furnished,Rent,None,24671
Kharadi,1,Non-Furnished,Rent,None,27065
Kharadi,1,Non-Furnished,Rent,None,23312
Kharadi,1,Non-Furnished,Rent,None,23818
Kharadi,1,Non-Furnished,Rent,None,27696
Kharadi,1,Non-Furnished,Rent,None,25091
Kharadi,1,Non-Furnished,Buy,New,7813661
Kharadi,1,Non-Furnished,Buy,New,8185745
Kharadi,1,Non-Furnished,Buy,New,7777473
Kharadi,1,Non-Furnished,Buy,New,6737582
Kharadi,1,Non-Furnished,Buy,New,8528899
Kharadi,1,Non-Furnished,Buy,New,7836051
Kharadi,1,Non-Furnished,Buy,New,7523800
Kharadi,1,Non-Furnished,Buy,New,7888257
Kharadi,1,Non-Furnished,Buy,New,8023458
Kharadi,1,Non-Furnished,Buy,New,8255333
Kharadi,1,Non-Furnished,Buy,New,7511920
Kharadi,1,Non-Furnished,Buy,New,6394704
Kharadi,1,Non-Furnished,Buy,PreOwned,5789037
Kharadi,1,Non-Furnished,Buy,PreOwned,6447492
Kharadi,1,Non-Furnished,Buy,PreOwned,6395618
Kharadi,1,Non-Furnished,Buy,PreOwned,6415760
Kharadi,1,Non-Furnished,Buy,PreOwned,6432182
Kharadi,1,Non-Furnished,Buy,PreOwned,6453428
Kharadi,1,Non-Furnished,Buy,PreOwned,5882811
Kharadi,1,Non-Furnished,Buy,PreOwned,6032546
Kharadi,1,Non-Furnished,Buy,PreOwned,5799179
Kharadi,1,Non-Furnished,Buy,PreOwned,6552789
Kharadi,1,Non-Furnished,Buy,PreOwned,5876646
Kharadi,1,Non-Furnished,Buy,PreOwned,5921816
Kharadi,2,Furnished,Rent,None,51686
Kharadi,2,Furnished,Rent,None,47977
Kharadi,2,Furnished,Rent,None,49813
Kharadi,2,Furnished,Rent,None,50096
Kharadi,2,Furnished,Rent,None,50249
Kharadi,2,Furnished,Rent,None,55625
Kharadi,2,Furnished,Rent,None,56572
Kharadi,2,Furnished,Rent,None,55678
Kharadi,2,Furnished,Rent,None,54027
Kharadi,2,Furnished,Rent,None,50474
Kharadi,2,Furnished,Rent,None,56844
Kharadi,2,Furnished,Rent,None,53644
Kharadi,2,Furnished,Buy,New,13774585
Kharadi,2,Furnished,Buy,New,13262912
Kharadi,2,Furnished,Buy,New,13618743
Kharadi,2,Furnished,Buy,New,13944321
Kharadi,2,Furnished,Buy,New,12654301
Kharadi,2,Furnished,Buy,New,12922460
Kharadi,2,Furnished,Buy,New,14867508
Kharadi,2,Furnished,Buy,New,13282386
Kharadi,2,Furnished,Buy,New,13584410
Kharadi,2,Furnished,Buy,New,13604015
Kharadi,2,Furnished,Buy,New,14364530
Kharadi,2,Furnished,Buy,New,13730868
Kharadi,2,Furnished,Buy,PreOwned,12087191
Kharadi,2,Furnished,Buy,PreOwned,12145341
Kharadi,2,Furnished,Buy,PreOwned,12294407
Kharadi,2,Furnished,Buy,PreOwned,11851171
Kharadi,2,Furnished,Buy,PreOwned,12189816
Kharadi,2,Furnished,Buy,PreOwned,11976166
Kharadi,2,Furnished,Buy,PreOwned,11810818
Kharadi,2,Furnished,Buy,PreOwned,12297640
Kharadi,2,Furnished,Buy,PreOwned,12843777
Kharadi,2,Furnished,Buy,PreOwned,11500981
Kharadi,2,Furnished,Buy,PreOwned,11750687
Kharadi,2,Furnished,Buy,PreOwned,12112112
Kharadi,2,Non-Furnished,Rent,None,44436
Kharadi,2,Non-Furnished,Rent,None,44768
Kharadi,2,Non-Furnished,Rent,None,43879
Kharadi,2,Non-Furnished,Rent,None,47793
Kharadi,2,Non-Furnished,Rent,None,43737
Kharadi,2,Non-Furnished,Rent,None,46012
Kharadi,2,Non-Furnished,Rent,None,46864
Kharadi,2,Non-Furnished,Rent,None,47072
Kharadi,2,Non-Furnished,Rent,None,47822
Kharadi,2,Non-Furnished,Rent,None,47377
Kharadi,2,Non-Furnished,Rent,None,46782
Kharadi,2,Non-Furnished,Rent,None,45147
Kharadi,2,Non-Furnished,Buy,New,12379136
Kharadi,2,Non-Furnished,Buy,New,13158354
Kharadi,2,Non-Furnished,Buy,New,12525348
Kharadi,2,Non-Furnished,Buy,New,12772843
Kharadi,2,Non-Furnished,Buy,New,12868760
Kharadi,2,Non-Furnished,Buy,New,12473732
Kharadi,2,Non-Furnished,Buy,New,13663826
Kharadi,2,Non-Furnished,Buy,New,12891594
Kharadi,2,Non-Furnished,Buy,New,11961065
Kharadi,2,Non-Furnished,Buy,New,12485728
Kharadi,2,Non-Furnished,Buy,New,12248994
Kharadi,2,Non-Furnished,Buy,New,12232321
Kharadi,2,Non-Furnished,Buy,PreOwned,11468364
Kharadi,2,Non-Furnished,Buy,PreOwned,10829577
Kharadi,2,Non-Furnished,Buy,PreOwned,11491128
Kharadi,2,Non-Furnished,Buy,PreOwned,11113757
Kharadi,2,Non-Furnished,Buy,PreOwned,11506350
Kharadi,2,Non-Furnished,Buy,PreOwned,11258048
Kharadi,2,Non-Furnished,Buy,PreOwned,10889226
Kharadi,2,Non-Furnished,Buy,PreOwned,10991522
Kharadi,2,Non-Furnished,Buy,PreOwned,11284849
Kharadi,2,Non-Furnished,Buy,PreOwned,10973696
Kharadi,2,Non-Furnished,Buy,PreOwned,10735632
Kharadi,2,Non-Furnished,Buy,PreOwned,11382092
Kharadi,3,Furnished,Rent,None,76598
Kharadi,3,Furnished,Rent,None,76295
Kharadi,3,Furnished,Rent,None,80677
Kharadi,3,Furnished,Rent,None,80368
Kharadi,3,Furnished,Rent,None,82290
Kharadi,3,Furnished,Rent,None,73761
Kharadi,3,Furnished,Rent,None,73207
Kharadi,3,Furnished,Rent,None,79107
Kharadi,3,Furnished,Rent,None,75697
Kharadi,3,Furnished,Rent,None,74698
Kharadi,3,Furnished,Rent,None,77304
Kharadi,3,Furnished,Rent,None,74276
Kharadi,3,Furnished,Buy,New,20287040
Kharadi,3,Furnished,Buy,New,21504017
Kharadi,3,Furnished,Buy,New,21249243
Kharadi,3,Furnished,Buy,New,21136062
Kharadi,3,Furnished,Buy,New,19690209
Kharadi,3,Furnished,Buy,New,20884060
Kharadi,3,Furnished,Buy,New,21233558
Kharadi,3,Furnished,Buy,New,21046890
Kharadi,3,Furnished,Buy,New,21944155
Kharadi,3,Furnished,Buy,New,19774740
Kharadi,3,Furnished,Buy,New,21564947
Kharadi,3,Furnished,Buy,New,21564293
Kharadi,3,Furnished,Buy,PreOwned,19721724
Kharadi,3,Furnished,Buy,PreOwned,18759303
Kharadi,3,Furnished,Buy,PreOwned,19358753
Kharadi,3,Furnished,Buy,PreOwned,18623975
Kharadi,3,Furnished,Buy,PreOwned,18899336
Kharadi,3,Furnished,Buy,PreOwned,19717804
Kharadi,3,Furnished,Buy,PreOwned,18817924
Kharadi,3,Furnished,Buy,PreOwned,19203492
Kharadi,3,Furnished,Buy,PreOwned,19290794
Kharadi,3,Furnished,Buy,PreOwned,18610363
Kharadi,3,Furnished,Buy,PreOwned,18370154
Kharadi,3,Furnished,Buy,PreOwned,18794552
Kharadi,3,Non-Furnished,Rent,None,68909
Kharadi,3,Non-Furnished,Rent,None,72833
Kharadi,3,Non-Furnished,Rent,None,69179
Kharadi,3,Non-Furnished,Rent,None,72679
Kharadi,3,Non-Furnished,Rent,None,68381
Kharadi,3,Non-Furnished,Rent,None,70417
Kharadi,3,Non-Furnished,Rent,None,71176
Kharadi,3,Non-Furnished,Rent,None,68325
Kharadi,3,Non-Furnished,Rent,None,71766
Kharadi,3,Non-Furnished,Rent,None,72269
Kharadi,3,Non-Furnished,Rent,None,70904
Kharadi,3,Non-Furnished,Rent,None,72669
Kharadi,3,Non-Furnished,Buy,New,20355956
Kharadi,3,Non-Furnished,Buy,New,20149126
Kharadi,3,Non-Furnished,Buy,New,19064382
Kharadi,3,Non-Furnished,Buy,New,19403745
Kharadi,3,Non-Furnished,Buy,New,20114042
Kharadi,3,Non-Furnished,Buy,New,18739344
Kharadi,3,Non-Furnished,Buy,New,19591327
Kharadi,3,Non-Furnished,Buy,New,19022329
Kharadi,3,Non-Furnished,Buy,New,19225953
Kharadi,3,Non-Furnished,Buy,New,20042990
Kharadi,3,Non-Furnished,Buy,New,19969745
Kharadi,3,Non-Furnished,Buy,New,19188268
Kharadi,3,Non-Furnished,Buy,PreOwned,18302628
Kharadi,3,Non-Furnished,Buy,PreOwned,18242019
Kharadi,3,Non-Furnished,Buy,PreOwned,18265105
Kharadi,3,Non-Furnished,Buy,PreOwned,18285197
Kharadi,3,Non-Furnished,Buy,PreOwned,18564273
Kharadi,3,Non-Furnished,Buy,PreOwned,18584642
Kharadi,3,Non-Furnished,Buy,PreOwned,18557797
Kharadi,3,Non-Furnished,Buy,PreOwned,17866426
Kharadi,3,Non-Furnished,Buy,PreOwned,17824509
Kharadi,3,Non-Furnished,Buy,PreOwned,18347235
Kharadi,3,Non-Furnished,Buy,PreOwned,18290109
Kharadi,3,Non-Furnished,Buy,PreOwned,17861949
Kharadi,4,Furnished,Rent,None,125355
Kharadi,4,Furnished,Rent,None,128964
Kharadi,4,Furnished,Rent,None,128895
Kharadi,4,Furnished,Rent,None,126956
Kharadi,4,Furnished,Rent,None,126889
Kharadi,4,Furnished,Rent,None,128255
Kharadi,4,Furnished,Rent,None,131330
Kharadi,4,Furnished,Rent,None,124023
Kharadi,4,Furnished,Rent,None,130889
Kharadi,4,Furnished,Rent,None,126111
Kharadi,4,Furnished,Rent,None,126602
Kharadi,4,Furnished,Rent,None,131782
Kharadi,4,Furnished,Buy,New,29636680
Kharadi,4,Furnished,Buy,New,29209434
Kharadi,4,Furnished,Buy,New,29620858
Kharadi,4,Furnished,Buy,New,27359912
Kharadi,4,Furnished,Buy,New,28202195
Kharadi,4,Furnished,Buy,New,29298299
Kharadi,4,Furnished,Buy,New,28436827
Kharadi,4,Furnished,Buy,New,28471354
Kharadi,4,Furnished,Buy,New,27891462
Kharadi,4,Furnished,Buy,New,29945447
Kharadi,4,Furnished,Buy,New,28946180
Kharadi,4,Furnished,Buy,New,28104131
Kharadi,4,Furnished,Buy,PreOwned,26720420
Kharadi,4,Furnished,Buy,PreOwned,26787562
Kharadi,4,Furnished,Buy,PreOwned,27962045
Kharadi,4,Furnished,Buy,PreOwned,27409869
Kharadi,4,Furnished,Buy,PreOwned,26481138
Kharadi,4,Furnished,Buy,PreOwned,26851793
Kharadi,4,Furnished,Buy,PreOwned,27096871
Kharadi,4,Furnished,Buy,PreOwned,26708763
Kharadi,4,Furnished,Buy,PreOwned,28043246
Kharadi,4,Furnished,Buy,PreOwned,26987523
Kharadi,4,Furnished,Buy,PreOwned,26462003
Kharadi,4,Furnished,Buy,PreOwned,26849282
Kharadi,4,Non-Furnished,Rent,None,118596
Kharadi,4,Non-Furnished,Rent,None,121627
Kharadi,4,Non-Furnished,Rent,None,122250
Kharadi,4,Non-Furnished,Rent,None,121850
Kharadi,4,Non-Furnished,Rent,None,118429
Kharadi,4,Non-Furnished,Rent,None,118677
Kharadi,4,Non-Furnished,Rent,None,118048
Kharadi,4,Non-Furnished,Rent,None,119399
Kharadi,4,Non-Furnished,Rent,None,121707
Kharadi,4,Non-Furnished,Rent,None,119074
Kharadi,4,Non-Furnished,Rent,None,119088
Kharadi,4,Non-Furnished,Rent,None,119091
Kharadi,4,Non-Furnished,Buy,New,26565108
Kharadi,4,Non-Furnished,Buy,New,27800838
Kharadi,4,Non-Furnished,Buy,New,28064237
Kharadi,4,Non-Furnished,Buy,New,27182430
Kharadi,4,Non-Furnished,Buy,New,27878441
Kharadi,4,Non-Furnished,Buy,New,27411774
Kharadi,4,Non-Furnished,Buy,New,28083229
Kharadi,4,Non-Furnished,Buy,New,27264197
Kharadi,4,Non-Furnished,Buy,New,26628734
Kharadi,4,Non-Furnished,Buy,New,27827538
Kharadi,4,Non-Furnished,Buy,New,28317245
Kharadi,4,Non-Furnished,Buy,New,27544884
Kharadi,4,Non-Furnished,Buy,PreOwned,26029108
Kharadi,4,Non-Furnished,Buy,PreOwned,26379188
Kharadi,4,Non-Furnished,Buy,PreOwned,25856118
Kharadi,4,Non-Furnished,Buy,PreOwned,26313609
Kharadi,4,Non-Furnished,Buy,PreOwned,26566809
Kharadi,4,Non-Furnished,Buy,PreOwned,26472147
Kharadi,4,Non-Furnished,Buy,PreOwned,25847378
Kharadi,4,Non-Furnished,Buy,PreOwned,25781588
Kharadi,4,Non-Furnished,Buy,PreOwned,26448889
Kharadi,4,Non-Furnished,Buy,PreOwned,25734282
Kharadi,4,Non-Furnished,Buy,PreOwned,25872156
Kharadi,4,Non-Furnished,Buy,PreOwned,26376633
Kharadi,5,Furnished,Rent,None,184900
Kharadi,5,Furnished,Rent,None,189053
Kharadi,5,Furnished,Rent,None,190531
Kharadi,5,Furnished,Rent,None,188439
Kharadi,5,Furnished,Rent,None,185240
Kharadi,5,Furnished,Rent,None,192646
Kharadi,5,Furnished,Rent,None,184559
Kharadi,5,Furnished,Rent,None,189575
Kharadi,5,Furnished,Rent,None,192903
Kharadi,5,Furnished,Rent,None,191330
Kharadi,5,Furnished,Rent,None,182858
Kharadi,5,Furnished,Rent,None,191352
Kharadi,5,Furnished,Buy,New,41818724
Kharadi,5,Furnished,Buy,New,43297067
Kharadi,5,Furnished,Buy,New,41880142
Kharadi,5,Furnished,Buy,New,42881763
Kharadi,5,Furnished,Buy,New,42160515
Kharadi,5,Furnished,Buy,New,43536573
Kharadi,5,Furnished,Buy,New,42109393
Kharadi,5,Furnished,Buy,New,42315301
Kharadi,5,Furnished,Buy,New,43709346
Kharadi,5,Furnished,Buy,New,43619424
Kharadi,5,Furnished,Buy,New,43092686
Kharadi,5,Furnished,Buy,New,42200079
Kharadi,5,Furnished,Buy,PreOwned,41187066
Kharadi,5,Furnished,Buy,PreOwned,41755466
Kharadi,5,Furnished,Buy,PreOwned,40848250
Kharadi,5,Furnished,Buy,PreOwned,41583295
Kharadi,5,Furnished,Buy,PreOwned,41603127
Kharadi,5,Furnished,Buy,PreOwned,40894951
Kharadi,5,Furnished,Buy,PreOwned,40747030
Kharadi,5,Furnished,Buy,PreOwned,40798082
Kharadi,5,Furnished,Buy,PreOwned,41387768
Kharadi,5,Furnished,Buy,PreOwned,41656614
Kharadi,5,Furnished,Buy,PreOwned,41008997
Kharadi,5,Furnished,Buy,PreOwned,40818907
Kharadi,5,Non-Furnished,Rent,None,181807
Kharadi,5,Non-Furnished,Rent,None,180036
Kharadi,5,Non-Furnished,Rent,None,180303
Kharadi,5,Non-Furnished,Rent,None,181306
Kharadi,5,Non-Furnished,Rent,None,178103
Kharadi,5,Non-Furnished,Rent,None,182704
Kharadi,5,Non-Furnished,Rent,None,182404
Kharadi,5,Non-Furnished,Rent,None,182364
Kharadi,5,Non-Furnished,Rent,None,180764
Kharadi,5,Non-Furnished,Rent,None,182495
Kharadi,5,Non-Furnished,Rent,None,180402
Kharadi,5,Non-Furnished,Rent,None,181294
Kharadi,5,Non-Furnished,Buy,New,41658236
Kharadi,5,Non-Furnished,Buy,New,42587064
Kharadi,5,Non-Furnished,Buy,New,41174413
Kharadi,5,Non-Furnished,Buy,New,41219194
Kharadi,5,Non-Furnished,Buy,New,41154679
Kharadi,5,Non-Furnished,Buy,New,41032170
Kharadi,5,Non-Furnished,Buy,New,40695285
Kharadi,5,Non-Furnished,Buy,New,42706140
Kharadi,5,Non-Furnished,Buy,New,40834732
Kharadi,5,Non-Furnished,Buy,New,41165269
Kharadi,5,Non-Furnished,Buy,New,42429305
Kharadi,5,Non-Furnished,Buy,New,41212645
Kharadi,5,Non-Furnished,Buy,PreOwned,39891622
Kharadi,5,Non-Furnished,Buy,PreOwned,39893733
Kharadi,5,Non-Furnished,Buy,PreOwned,40389255
Kharadi,5,Non-Furnished,Buy,PreOwned,39703512
Kharadi,5,Non-Furnished,Buy,PreOwned,40389210
Kharadi,5,Non-Furnished,Buy,PreOwned,40084883
Kharadi,5,Non-Furnished,Buy,PreOwned,40535556
Kharadi,5,Non-Furnished,Buy,PreOwned,40116343
Kharadi,5,Non-Furnished,Buy,PreOwned,40442317
Kharadi,5,Non-Furnished,Buy,PreOwned,40222004
Kharadi,5,Non-Furnished,Buy,PreOwned,39887154
Kharadi,5,Non-Furnished,Buy,PreOwned,39723031
Aundh,1,Furnished,Rent,None,34093
Aundh,1,Furnished,Rent,None,35335
Aundh,1,Furnished,Rent,None,31413
Aundh,1,Furnished,Rent,None,31673
Aundh,1,Furnished,Rent,None,31467
Aundh,1,Furnished,Rent,None,30238
Aundh,1,Furnished,Rent,None,29356
Aundh,1,Furnished,Rent,None,33849
Aundh,1,Furnished,Rent,None,31993
Aundh,1,Furnished,Rent,None,35863
Aundh,1,Furnished,Rent,None,33134
Aundh,1,Furnished,Rent,None,34050
Aundh,1,Furnished,Buy,New,8868120
Aundh,1,Furnished,Buy,New,8083219
Aundh,1,Furnished,Buy,New,9252264
Aundh,1,Furnished,Buy,New,8749801
Aundh,1,Furnished,Buy,New,7922886
Aundh,1,Furnished,Buy,New,8071278
Aundh,1,Furnished,Buy,New,9270025
Aundh,1,Furnished,Buy,New,9325702
Aundh,1,Furnished,Buy,New,8567007
Aundh,1,Furnished,Buy,New,8130125
Aundh,1,Furnished,Buy,New,7582157
Aundh,1,Furnished,Buy,New,9409452
Aundh,1,Furnished,Buy,PreOwned,7698006
Aundh,1,Furnished,Buy,PreOwned,7257880
Aundh,1,Furnished,Buy,PreOwned,6972098
Aundh,1,Furnished,Buy,PreOwned,6776164
Aundh,1,Furnished,Buy,PreOwned,7635791
Aundh,1,Furnished,Buy,PreOwned,6976737
Aundh,1,Furnished,Buy,PreOwned,6919127
Aundh,1,Furnished,Buy,PreOwned,7883230
Aundh,1,Furnished,Buy,PreOwned,7481567
Aundh,1,Furnished,Buy,PreOwned,7104736
Aundh,1,Furnished,Buy,PreOwned,6500134
Aundh,1,Furnished,Buy,PreOwned,6963458
Aundh,1,Non-Furnished,Rent,None,26303
Aundh,1,Non-Furnished,Rent,None,23256
Aundh,1,Non-Furnished,Rent,None,25376
Aundh,1,Non-Furnished,Rent,None,26274
Aundh,1,Non-Furnished,Rent,None,24893
Aundh,1,Non-Furnished,Rent,None,23998
Aundh,1,Non-Furnished,Rent,None,25490
Aundh,1,Non-Furnished,Rent,None,23512
Aundh,1,Non-Furnished,Rent,None,26210
Aundh,1,Non-Furnished,Rent,None,26902
Aundh,1,Non-Furnished,Rent,None,26953
Aundh,1,Non-Furnished,Rent,None,27129
Aundh,1,Non-Furnished,Buy,New,7620595
Aundh,1,Non-Furnished,Buy,New,8721693
Aundh,1,Non-Furnished,Buy,New,8161182
Aundh,1,Non-Furnished,Buy,New,6610443
Aundh,1,Non-Furnished,Buy,New,6792119
Aundh,1,Non-Furnished,Buy,New,7951501
Aundh,1,Non-Furnished,Buy,New,7799609
Aundh,1,Non-Furnished,Buy,New,8026781
Aundh,1,Non-Furnished,Buy,New,7156244
Aundh,1,Non-Furnished,Buy,New,8189125
Aundh,1,Non-Furnished,Buy,New,8094351
Aundh,1,Non-Furnished,Buy,New,8401776
Aundh,1,Non-Furnished,Buy,PreOwned,5725817
Aundh,1,Non-Furnished,Buy,PreOwned,6311957
Aundh,1,Non-Furnished,Buy,PreOwned,6273479
Aundh,1,Non-Furnished,Buy,PreOwned,5732218
Aundh,1,Non-Furnished,Buy,PreOwned,6284899
Aundh,1,Non-Furnished,Buy,PreOwned,6068754
Aundh,1,Non-Furnished,Buy,PreOwned,5724148
Aundh,1,Non-Furnished,Buy,PreOwned,6092761
Aundh,1,Non-Furnished,Buy,PreOwned,6015262
Aundh,1,Non-Furnished,Buy,PreOwned,6017460
Aundh,1,Non-Furnished,Buy,PreOwned,6038215
Aundh,1,Non-Furnished,Buy,PreOwned,5953206
Aundh,2,Furnished,Rent,None,57840
Aundh,2,Furnished,Rent,None,52518
Aundh,2,Furnished,Rent,None,54174
Aundh,2,Furnished,Rent,None,49924
Aundh,2,Furnished,Rent,None,51209
Aundh,2,Furnished,Rent,None,49441
Aundh,2,Furnished,Rent,None,58245
Aundh,2,Furnished,Rent,None,57883
Aundh,2,Furnished,Rent,None,57989
Aundh,2,Furnished,Rent,None,57271
Aundh,2,Furnished,Rent,None,52324
Aundh,2,Furnished,Rent,None,54578
Aundh,2,Furnished,Buy,New,13509398
Aundh,2,Furnished,Buy,New,14670277
Aundh,2,Furnished,Buy,New,13260945
Aundh,2,Furnished,Buy,New,14629542
Aundh,2,Furnished,Buy,New,14307855
Aundh,2,Furnished,Buy,New,12312585
Aundh,2,Furnished,Buy,New,12363667
Aundh,2,Furnished,Buy,New,13833446
Aundh,2,Furnished,Buy,New,13274783
Aundh,2,Furnished,Buy,New,13546772
Aundh,2,Furnished,Buy,New,13821435
Aundh,2,Furnished,Buy,New,12753489
Aundh,2,Furnished,Buy,PreOwned,12197695
Aundh,2,Furnished,Buy,PreOwned,11506280
Aundh,2,Furnished,Buy,PreOwned,11489929
Aundh,2,Furnished,Buy,PreOwned,12188906
Aundh,2,Furnished,Buy,PreOwned,12304788
Aundh,2,Furnished,Buy,PreOwned,12074112
Aundh,2,Furnished,Buy,PreOwned,11900962
Aundh,2,Furnished,Buy,PreOwned,11840787
Aundh,2,Furnished,Buy,PreOwned,12020794
Aundh,2,Furnished,Buy,PreOwned,12423879
Aundh,2,Furnished,Buy,PreOwned,11528657
Aundh,2,Furnished,Buy,PreOwned,11778611
Aundh,2,Non-Furnished,Rent,None,44199
Aundh,2,Non-Furnished,Rent,None,43057
Aundh,2,Non-Furnished,Rent,None,43472
Aundh,2,Non-Furnished,Rent,None,46198
Aundh,2,Non-Furnished,Rent,None,43408
Aundh,2,Non-Furnished,Rent,None,44939
Aundh,2,Non-Furnished,Rent,None,47137
Aundh,2,Non-Furnished,Rent,None,43982
Aundh,2,Non-Furnished,Rent,None,43176
Aundh,2,Non-Furnished,Rent,None,46548
Aundh,2,Non-Furnished,Rent,None,46254
Aundh,2,Non-Furnished,Rent,None,46190
Aundh,2,Non-Furnished,Buy,New,12527135
Aundh,2,Non-Furnished,Buy,New,11653925
Aundh,2,Non-Furnished,Buy,New,12485485
Aundh,2,Non-Furnished,Buy,New,12112750
Aundh,2,Non-Furnished,Buy,New,13442466
Aundh,2,Non-Furnished,Buy,New,12601236
Aundh,2,Non-Furnished,Buy,New,12508050
Aundh,2,Non-Furnished,Buy,New,13692302
Aundh,2,Non-Furnished,Buy,New,12085019
Aundh,2,Non-Furnished,Buy,New,13238412
Aundh,2,Non-Furnished,Buy,New,13125729
Aundh,2,Non-Furnished,Buy,New,12107766
Aundh,2,Non-Furnished,Buy,PreOwned,10914028
Aundh,2,Non-Furnished,Buy,PreOwned,11381303
Aundh,2,Non-Furnished,Buy,PreOwned,11248429
Aundh,2,Non-Furnished,Buy,PreOwned,10777781
Aundh,2,Non-Furnished,Buy,PreOwned,11057230
Aundh,2,Non-Furnished,Buy,PreOwned,10786876
Aundh,2,Non-Furnished,Buy,PreOwned,11271597
Aundh,2,Non-Furnished,Buy,PreOwned,11315169
Aundh,2,Non-Furnished,Buy,PreOwned,11101556
Aundh,2,Non-Furnished,Buy,PreOwned,10926960
Aundh,2,Non-Furnished,Buy,PreOwned,11343422
Aundh,2,Non-Furnished,Buy,PreOwned,10941769
Aundh,3,Furnished,Rent,None,74671
Aundh,3,Furnished,Rent,None,75431
Aundh,3,Furnished,Rent,None,74183
Aundh,3,Furnished,Rent,None,77074
Aundh,3,Furnished,Rent,None,79619
Aundh,3,Furnished,Rent,None,81867
Aundh,3,Furnished,Rent,None,80904
Aundh,3,Furnished,Rent,None,79596
Aundh,3,Furnished,Rent,None,73980
Aundh,3,Furnished,Rent,None,78078
Aundh,3,Furnished,Rent,None,77165
Aundh,3,Furnished,Rent,None,80395
Aundh,3,Furnished,Buy,New,20016779
Aundh,3,Furnished,Buy,New,19940756
Aundh,3,Furnished,Buy,New,21113082
Aundh,3,Furnished,Buy,New,20744094
Aundh,3,Furnished,Buy,New,21495840
Aundh,3,Furnished,Buy,New,20002105
Aundh,3,Furnished,Buy,New,21121407
Aundh,3,Furnished,Buy,New,21916213
Aundh,3,Furnished,Buy,New,20982765
Aundh,3,Furnished,Buy,New,20254311
Aundh,3,Furnished,Buy,New,19860817
Aundh,3,Furnished,Buy,New,21379305
Aundh,3,Furnished,Buy,PreOwned,18407872
Aundh,3,Furnished,Buy,PreOwned,19210228
Aundh,3,Furnished,Buy,PreOwned,18502458
Aundh,3,Furnished,Buy,PreOwned,19093622
Aundh,3,Furnished,Buy,PreOwned,18494101
Aundh,3,Furnished,Buy,PreOwned,18624035
Aundh,3,Furnished,Buy,PreOwned,19835477
Aundh,3,Furnished,Buy,PreOwned,18993573
Aundh,3,Furnished,Buy,PreOwned,19477095
Aundh,3,Furnished,Buy,PreOwned,18608436
Aundh,3,Furnished,Buy,PreOwned,19150783
Aundh,3,Furnished,Buy,PreOwned,19601607
Aundh,3,Non-Furnished,Rent,None,72402
Aundh,3,Non-Furnished,Rent,None,68112
Aundh,3,Non-Furnished,Rent,None,70483
Aundh,3,Non-Furnished,Rent,None,68287
Aundh,3,Non-Furnished,Rent,None,72035
Aundh,3,Non-Furnished,Rent,None,72019
Aundh,3,Non-Furnished,Rent,None,72669
Aundh,3,Non-Furnished,Rent,None,68706
Aundh,3,Non-Furnished,Rent,None,72170
Aundh,3,Non-Furnished,Rent,None,72054
Aundh,3,Non-Furnished,Rent,None,69832
Aundh,3,Non-Furnished,Rent,None,70040
Aundh,3,Non-Furnished,Buy,New,19871961
Aundh,3,Non-Furnished,Buy,New,19322254
Aundh,3,Non-Furnished,Buy,New,19312703
Aundh,3,Non-Furnished,Buy,New,20239152
Aundh,3,Non-Furnished,Buy,New,20880414
Aundh,3,Non-Furnished,Buy,New,19290274
Aundh,3,Non-Furnished,Buy,New,19569345
Aundh,3,Non-Furnished,Buy,New,20161316
Aundh,3,Non-Furnished,Buy,New,19251560
Aundh,3,Non-Furnished,Buy,New,19874260
Aundh,3,Non-Furnished,Buy,New,20210571
Aundh,3,Non-Furnished,Buy,New,19409316
Aundh,3,Non-Furnished,Buy,PreOwned,18185366
Aundh,3,Non-Furnished,Buy,PreOwned,18239460
Aundh,3,Non-Furnished,Buy,PreOwned,18113009
Aundh,3,Non-Furnished,Buy,PreOwned,17844549
Aundh,3,Non-Furnished,Buy,PreOwned,17893682
Aundh,3,Non-Furnished,Buy,PreOwned,18335884
Aundh,3,Non-Furnished,Buy,PreOwned,17989845
Aundh,3,Non-Furnished,Buy,PreOwned,18099262
Aundh,3,Non-Furnished,Buy,PreOwned,17798503
Aundh,3,Non-Furnished,Buy,PreOwned,17923621
Aundh,3,Non-Furnished,Buy,PreOwned,18335957
Aundh,3,Non-Furnished,Buy,PreOwned,18052048
Aundh,4,Furnished,Rent,None,125988
Aundh,4,Furnished,Rent,None,122623
Aundh,4,Furnished,Rent,None,131122
Aundh,4,Furnished,Rent,None,130323
Aundh,4,Furnished,Rent,None,122914
Aundh,4,Furnished,Rent,None,128187
Aundh,4,Furnished,Rent,None,127325
Aundh,4,Furnished,Rent,None,124729
Aundh,4,Furnished,Rent,None,131697
Aundh,4,Furnished,Rent,None,129806
Aundh,4,Furnished,Rent,None,123906
Aundh,4,Furnished,Rent,None,132185
Aundh,4,Furnished,Buy,New,29105735
Aundh,4,Furnished,Buy,New,27760285
Aundh,4,Furnished,Buy,New,29290619
Aundh,4,Furnished,Buy,New,28985978
Aundh,4,Furnished,Buy,New,29410585
Aundh,4,Furnished,Buy,New,28003118
Aundh,4,Furnished,Buy,New,29793570
Aundh,4,Furnished,Buy,New,28579579
Aundh,4,Furnished,Buy,New,29122470
Aundh,4,Furnished,Buy,New,28896415
Aundh,4,Furnished,Buy,New,28234705
Aundh,4,Furnished,Buy,New,28012920
Aundh,4,Furnished,Buy,PreOwned,26788051
Aundh,4,Furnished,Buy,PreOwned,26631018
Aundh,4,Furnished,Buy,PreOwned,27875310
Aundh,4,Furnished,Buy,PreOwned,26858336
Aundh,4,Furnished,Buy,PreOwned,27243923
Aundh,4,Furnished,Buy,PreOwned,26539308
Aundh,4,Furnished,Buy,PreOwned,27005438
Aundh,4,Furnished,Buy,PreOwned,27225772
Aundh,4,Furnished,Buy,PreOwned,26835275
Aundh,4,Furnished,Buy,PreOwned,26488774
Aundh,4,Furnished,Buy,PreOwned,26859472
Aundh,4,Furnished,Buy,PreOwned,26865542
Aundh,4,Non-Furnished,Rent,None,119475
Aundh,4,Non-Furnished,Rent,None,118601
Aundh,4,Non-Furnished,Rent,None,119954
Aundh,4,Non-Furnished,Rent,None,119054
Aundh,4,Non-Furnished,Rent,None,118634
Aundh,4,Non-Furnished,Rent,None,122123
Aundh,4,Non-Furnished,Rent,None,118436
Aundh,4,Non-Furnished,Rent,None,120262
Aundh,4,Non-Furnished,Rent,None,122454
Aundh,4,Non-Furnished,Rent,None,121709
Aundh,4,Non-Furnished,Rent,None,120570
Aundh,4,Non-Furnished,Rent,None,118251
Aundh,4,Non-Furnished,Buy,New,27936854
Aundh,4,Non-Furnished,Buy,New,26610496
Aundh,4,Non-Furnished,Buy,New,27870192
Aundh,4,Non-Furnished,Buy,New,27462474
Aundh,4,Non-Furnished,Buy,New,27900327
Aundh,4,Non-Furnished,Buy,New,26920448
Aundh,4,Non-Furnished,Buy,New,26910361
Aundh,4,Non-Furnished,Buy,New,27645333
Aundh,4,Non-Furnished,Buy,New,27770919
Aundh,4,Non-Furnished,Buy,New,27215863
Aundh,4,Non-Furnished,Buy,New,27079990
Aundh,4,Non-Furnished,Buy,New,27304520
Aundh,4,Non-Furnished,Buy,PreOwned,26517280
Aundh,4,Non-Furnished,Buy,PreOwned,25955122
Aundh,4,Non-Furnished,Buy,PreOwned,25727020
Aundh,4,Non-Furnished,Buy,PreOwned,26597238
Aundh,4,Non-Furnished,Buy,PreOwned,26288789
Aundh,4,Non-Furnished,Buy,PreOwned,26451997
Aundh,4,Non-Furnished,Buy,PreOwned,26278311
Aundh,4,Non-Furnished,Buy,PreOwned,25798805
Aundh,4,Non-Furnished,Buy,PreOwned,25940509
Aundh,4,Non-Furnished,Buy,PreOwned,25942397
Aundh,4,Non-Furnished,Buy,PreOwned,26276548
Aundh,4,Non-Furnished,Buy,PreOwned,25889286
Aundh,5,Furnished,Rent,None,187359
Aundh,5,Furnished,Rent,None,182783
Aundh,5,Furnished,Rent,None,188600
Aundh,5,Furnished,Rent,None,189951
Aundh,5,Furnished,Rent,None,190157
Aundh,5,Furnished,Rent,None,183921
Aundh,5,Furnished,Rent,None,192372
Aundh,5,Furnished,Rent,None,186337
Aundh,5,Furnished,Rent,None,186642
Aundh,5,Furnished,Rent,None,190567
Aundh,5,Furnished,Rent,None,189468
Aundh,5,Furnished,Rent,None,189592
Aundh,5,Furnished,Buy,New,41960991
Aundh,5,Furnished,Buy,New,42680459
Aundh,5,Furnished,Buy,New,43273443
Aundh,5,Furnished,Buy,New,42030603
Aundh,5,Furnished,Buy,New,42650851
Aundh,5,Furnished,Buy,New,41806169
Aundh,5,Furnished,Buy,New,42799413
Aundh,5,Furnished,Buy,New,42766951
Aundh,5,Furnished,Buy,New,42399879
Aundh,5,Furnished,Buy,New,42735001
Aundh,5,Furnished,Buy,New,42241111
Aundh,5,Furnished,Buy,New,42373183
Aundh,5,Furnished,Buy,PreOwned,41604261
Aundh,5,Furnished,Buy,PreOwned,41405490
Aundh,5,Furnished,Buy,PreOwned,41427913
Aundh,5,Furnished,Buy,PreOwned,40739231
Aundh,5,Furnished,Buy,PreOwned,41013018
Aundh,5,Furnished,Buy,PreOwned,41006992
Aundh,5,Furnished,Buy,PreOwned,41511287
Aundh,5,Furnished,Buy,PreOwned,40822756
Aundh,5,Furnished,Buy,PreOwned,41293840
Aundh,5,Furnished,Buy,PreOwned,41349213
Aundh,5,Furnished,Buy,PreOwned,40389573
Aundh,5,Furnished,Buy,PreOwned,41259730
Aundh,5,Non-Furnished,Rent,None,180431
Aundh,5,Non-Furnished,Rent,None,181562
Aundh,5,Non-Furnished,Rent,None,180142
Aundh,5,Non-Furnished,Rent,None,180350
Aundh,5,Non-Furnished,Rent,None,179057
Aundh,5,Non-Furnished,Rent,None,179312
Aundh,5,Non-Furnished,Rent,None,180998
Aundh,5,Non-Furnished,Rent,None,180422
Aundh,5,Non-Furnished,Rent,None,179035
Aundh,5,Non-Furnished,Rent,None,182523
Aundh,5,Non-Furnished,Rent,None,182509
Aundh,5,Non-Furnished,Rent,None,179819
Aundh,5,Non-Furnished,Buy,New,41098629
Aundh,5,Non-Furnished,Buy,New,41125187
Aundh,5,Non-Furnished,Buy,New,42300375
Aundh,5,Non-Furnished,Buy,New,41743620
Aundh,5,Non-Furnished,Buy,New,41413946
Aundh,5,Non-Furnished,Buy,New,41421217
Aundh,5,Non-Furnished,Buy,New,41624610
Aundh,5,Non-Furnished,Buy,New,42405538
Aundh,5,Non-Furnished,Buy,New,41529700
Aundh,5,Non-Furnished,Buy,New,42464065
Aundh,5,Non-Furnished,Buy,New,42296577
Aundh,5,Non-Furnished,Buy,New,40881657
Aundh,5,Non-Furnished,Buy,PreOwned,40249435
Aundh,5,Non-Furnished,Buy,PreOwned,40478874
Aundh,5,Non-Furnished,Buy,PreOwned,39844920
Aundh,5,Non-Furnished,Buy,PreOwned,40579636
Aundh,5,Non-Furnished,Buy,PreOwned,39910376
Aundh,5,Non-Furnished,Buy,PreOwned,39729731
Aundh,5,Non-Furnished,Buy,PreOwned,40024253
Aundh,5,Non-Furnished,Buy,PreOwned,40261508
Aundh,5,Non-Furnished,Buy,PreOwned,40100680
Aundh,5,Non-Furnished,Buy,PreOwned,39732432
Aundh,5,Non-Furnished,Buy,PreOwned,39999010
Aundh,5,Non-Furnished,Buy,PreOwned,40377356
Wakad,1,Furnished,Rent,None,30094
Wakad,1,Furnished,Rent,None,27941
Wakad,1,Furnished,Rent,None,20823
Wakad,1,Furnished,Rent,None,20625
Wakad,1,Furnished,Rent,None,26807
Wakad,1,Furnished,Rent,None,29070
Wakad,1,Furnished,Rent,None,22418
Wakad,1,Furnished,Rent,None,25185
Wakad,1,Furnished,Rent,None,27008
Wakad,1,Furnished,Rent,None,26825
Wakad,1,Furnished,Rent,None,25673
Wakad,1,Furnished,Rent,None,30072
Wakad,1,Furnished,Buy,New,6531663
Wakad,1,Furnished,Buy,New,7963810
Wakad,1,Furnished,Buy,New,5848825
Wakad,1,Furnished,Buy,New,5840838
Wakad,1,Furnished,Buy,New,5681383
Wakad,1,Furnished,Buy,New,7764445
Wakad,1,Furnished,Buy,New,7226001
Wakad,1,Furnished,Buy,New,6871292
Wakad,1,Furnished,Buy,New,6826240
Wakad,1,Furnished,Buy,New,6727814
Wakad,1,Furnished,Buy,New,6640496
Wakad,1,Furnished,Buy,New,7394450
Wakad,1,Furnished,Buy,PreOwned,4813346
Wakad,1,Furnished,Buy,PreOwned,5430375
Wakad,1,Furnished,Buy,PreOwned,5475014
Wakad,1,Furnished,Buy,PreOwned,5208073
Wakad,1,Furnished,Buy,PreOwned,5078435
Wakad,1,Furnished,Buy,PreOwned,5015229
Wakad,1,Furnished,Buy,PreOwned,5187608
Wakad,1,Furnished,Buy,PreOwned,4901729
Wakad,1,Furnished,Buy,PreOwned,4149177
Wakad,1,Furnished,Buy,PreOwned,5566106
Wakad,1,Furnished,Buy,PreOwned,4829011
Wakad,1,Furnished,Buy,PreOwned,5396313
Wakad,1,Non-Furnished,Rent,None,19462
Wakad,1,Non-Furnished,Rent,None,17199
Wakad,1,Non-Furnished,Rent,None,16113
Wakad,1,Non-Furnished,Rent,None,20806
Wakad,1,Non-Furnished,Rent,None,18476
Wakad,1,Non-Furnished,Rent,None,20894
Wakad,1,Non-Furnished,Rent,None,17769
Wakad,1,Non-Furnished,Rent,None,18575
Wakad,1,Non-Furnished,Rent,None,18731
Wakad,1,Non-Furnished,Rent,None,19334
Wakad,1,Non-Furnished,Rent,None,18673
Wakad,1,Non-Furnished,Rent,None,17806
Wakad,1,Non-Furnished,Buy,New,6182075
Wakad,1,Non-Furnished,Buy,New,5410137
Wakad,1,Non-Furnished,Buy,New,6196521
Wakad,1,Non-Furnished,Buy,New,5363146
Wakad,1,Non-Furnished,Buy,New,6077361
Wakad,1,Non-Furnished,Buy,New,5474116
Wakad,1,Non-Furnished,Buy,New,5455088
Wakad,1,Non-Furnished,Buy,New,5300386
Wakad,1,Non-Furnished,Buy,New,6148913
Wakad,1,Non-Furnished,Buy,New,5128264
Wakad,1,Non-Furnished,Buy,New,5720168
Wakad,1,Non-Furnished,Buy,New,4858701
Wakad,1,Non-Furnished,Buy,PreOwned,3857876
Wakad,1,Non-Furnished,Buy,PreOwned,4571849
Wakad,1,Non-Furnished,Buy,PreOwned,4530149
Wakad,1,Non-Furnished,Buy,PreOwned,4480667
Wakad,1,Non-Furnished,Buy,PreOwned,4269866
Wakad,1,Non-Furnished,Buy,PreOwned,4521750
Wakad,1,Non-Furnished,Buy,PreOwned,3946439
Wakad,1,Non-Furnished,Buy,PreOwned,4251299
Wakad,1,Non-Furnished,Buy,PreOwned,3806622
Wakad,1,Non-Furnished,Buy,PreOwned,4320880
Wakad,1,Non-Furnished,Buy,PreOwned,4452113
Wakad,1,Non-Furnished,Buy,PreOwned,3866000
Wakad,2,Furnished,Rent,None,43121
Wakad,2,Furnished,Rent,None,38825
Wakad,2,Furnished,Rent,None,37781
Wakad,2,Furnished,Rent,None,34127
Wakad,2,Furnished,Rent,None,33534
Wakad,2,Furnished,Rent,None,33983
Wakad,2,Furnished,Rent,None,36958
Wakad,2,Furnished,Rent,None,40943
Wakad,2,Furnished,Rent,None,39559
Wakad,2,Furnished,Rent,None,37979
Wakad,2,Furnished,Rent,None,35373
Wakad,2,Furnished,Rent,None,36005
Wakad,2,Furnished,Buy,New,9892990
Wakad,2,Furnished,Buy,New,9738747
Wakad,2,Furnished,Buy,New,9056939
Wakad,2,Furnished,Buy,New,10665011
Wakad,2,Furnished,Buy,New,11745128
Wakad,2,Furnished,Buy,New,10015239
Wakad,2,Furnished,Buy,New,10062760
Wakad,2,Furnished,Buy,New,10765614
Wakad,2,Furnished,Buy,New,9393435
Wakad,2,Furnished,Buy,New,9176018
Wakad,2,Furnished,Buy,New,10082518
Wakad,2,Furnished,Buy,New,10847920
Wakad,2,Furnished,Buy,PreOwned,9058203
Wakad,2,Furnished,Buy,PreOwned,8106535
Wakad,2,Furnished,Buy,PreOwned,8879857
Wakad,2,Furnished,Buy,PreOwned,9138386
Wakad,2,Furnished,Buy,PreOwned,8079803
Wakad,2,Furnished,Buy,PreOwned,8771230
Wakad,2,Furnished,Buy,PreOwned,8396219
Wakad,2,Furnished,Buy,PreOwned,8247707
Wakad,2,Furnished,Buy,PreOwned,8519198
Wakad,2,Furnished,Buy,PreOwned,8336692
Wakad,2,Furnished,Buy,PreOwned,8414083
Wakad,2,Furnished,Buy,PreOwned,8810567
Wakad,2,Non-Furnished,Rent,None,28453
Wakad,2,Non-Furnished,Rent,None,32430
Wakad,2,Non-Furnished,Rent,None,29797
Wakad,2,Non-Furnished,Rent,None,28064
Wakad,2,Non-Furnished,Rent,None,28207
Wakad,2,Non-Furnished,Rent,None,31963
Wakad,2,Non-Furnished,Rent,None,32493
Wakad,2,Non-Furnished,Rent,None,31925
Wakad,2,Non-Furnished,Rent,None,32716
Wakad,2,Non-Furnished,Rent,None,30112
Wakad,2,Non-Furnished,Rent,None,29994
Wakad,2,Non-Furnished,Rent,None,30805
Wakad,2,Non-Furnished,Buy,New,9691871
Wakad,2,Non-Furnished,Buy,New,8834020
Wakad,2,Non-Furnished,Buy,New,9039889
Wakad,2,Non-Furnished,Buy,New,9380629
Wakad,2,Non-Furnished,Buy,New,8287506
Wakad,2,Non-Furnished,Buy,New,10206812
Wakad,2,Non-Furnished,Buy,New,8727208
Wakad,2,Non-Furnished,Buy,New,9872014
Wakad,2,Non-Furnished,Buy,New,9002167
Wakad,2,Non-Furnished,Buy,New,9648056
Wakad,2,Non-Furnished,Buy,New,8232199
Wakad,2,Non-Furnished,Buy,New,8973612
Wakad,2,Non-Furnished,Buy,PreOwned,7520021
Wakad,2,Non-Furnished,Buy,PreOwned,7221598
Wakad,2,Non-Furnished,Buy,PreOwned,7374998
Wakad,2,Non-Furnished,Buy,PreOwned,7393169
Wakad,2,Non-Furnished,Buy,PreOwned,7872465
Wakad,2,Non-Furnished,Buy,PreOwned,7789658
Wakad,2,Non-Furnished,Buy,PreOwned,7909330
Wakad,2,Non-Furnished,Buy,PreOwned,7990812
Wakad,2,Non-Furnished,Buy,PreOwned,7825209
Wakad,2,Non-Furnished,Buy,PreOwned,7242963
Wakad,2,Non-Furnished,Buy,PreOwned,7756415
Wakad,2,Non-Furnished,Buy,PreOwned,7743372
Wakad,3,Furnished,Rent,None,62498
Wakad,3,Furnished,Rent,None,60419
Wakad,3,Furnished,Rent,None,55378
Wakad,3,Furnished,Rent,None,56881
Wakad,3,Furnished,Rent,None,61415
Wakad,3,Furnished,Rent,None,59129
Wakad,3,Furnished,Rent,None,58083
Wakad,3,Furnished,Rent,None,58864
Wakad,3,Furnished,Rent,None,56913
Wakad,3,Furnished,Rent,None,58906
Wakad,3,Furnished,Rent,None,59252
Wakad,3,Furnished,Rent,None,58788
Wakad,3,Furnished,Buy,New,14300473
Wakad,3,Furnished,Buy,New,16157003
Wakad,3,Furnished,Buy,New,16576118
Wakad,3,Furnished,Buy,New,14467155
Wakad,3,Furnished,Buy,New,15294895
Wakad,3,Furnished,Buy,New,16269949
Wakad,3,Furnished,Buy,New,15841125
Wakad,3,Furnished,Buy,New,14054406
Wakad,3,Furnished,Buy,New,15882416
Wakad,3,Furnished,Buy,New,16175121
Wakad,3,Furnished,Buy,New,14912427
Wakad,3,Furnished,Buy,New,15808513
Wakad,3,Furnished,Buy,PreOwned,14310926
Wakad,3,Furnished,Buy,PreOwned,14888062
Wakad,3,Furnished,Buy,PreOwned,13469786
Wakad,3,Furnished,Buy,PreOwned,13794035
Wakad,3,Furnished,Buy,PreOwned,13503047
Wakad,3,Furnished,Buy,PreOwned,14784301
Wakad,3,Furnished,Buy,PreOwned,14614776
Wakad,3,Furnished,Buy,PreOwned,13870128
Wakad,3,Furnished,Buy,PreOwned,13504409
Wakad,3,Furnished,Buy,PreOwned,14881347
Wakad,3,Furnished,Buy,PreOwned,14532071
Wakad,3,Furnished,Buy,PreOwned,13767952
Wakad,3,Non-Furnished,Rent,None,49735
Wakad,3,Non-Furnished,Rent,None,48407
Wakad,3,Non-Furnished,Rent,None,49632
Wakad,3,Non-Furnished,Rent,None,51122
Wakad,3,Non-Furnished,Rent,None,52510
Wakad,3,Non-Furnished,Rent,None,48875
Wakad,3,Non-Furnished,Rent,None,48679
Wakad,3,Non-Furnished,Rent,None,49822
Wakad,3,Non-Furnished,Rent,None,48801
Wakad,3,Non-Furnished,Rent,None,50786
Wakad,3,Non-Furnished,Rent,None,51093
Wakad,3,Non-Furnished,Rent,None,52536
Wakad,3,Non-Furnished,Buy,New,15463688
Wakad,3,Non-Furnished,Buy,New,15304152
Wakad,3,Non-Furnished,Buy,New,14352910
Wakad,3,Non-Furnished,Buy,New,14518012
Wakad,3,Non-Furnished,Buy,New,14433369
Wakad,3,Non-Furnished,Buy,New,14995272
Wakad,3,Non-Furnished,Buy,New,14460529
Wakad,3,Non-Furnished,Buy,New,14786682
Wakad,3,Non-Furnished,Buy,New,14788871
Wakad,3,Non-Furnished,Buy,New,14240817
Wakad,3,Non-Furnished,Buy,New,14274978
Wakad,3,Non-Furnished,Buy,New,13826437
Wakad,3,Non-Furnished,Buy,PreOwned,13390192
Wakad,3,Non-Furnished,Buy,PreOwned,13270186
Wakad,3,Non-Furnished,Buy,PreOwned,12700348
Wakad,3,Non-Furnished,Buy,PreOwned,12914585
Wakad,3,Non-Furnished,Buy,PreOwned,13472109
Wakad,3,Non-Furnished,Buy,PreOwned,13271959
Wakad,3,Non-Furnished,Buy,PreOwned,13430104
Wakad,3,Non-Furnished,Buy,PreOwned,13040278
Wakad,3,Non-Furnished,Buy,PreOwned,12935802
Wakad,3,Non-Furnished,Buy,PreOwned,13131662
Wakad,3,Non-Furnished,Buy,PreOwned,13277594
Wakad,3,Non-Furnished,Buy,PreOwned,13244346
Wakad,4,Furnished,Rent,None,90901
Wakad,4,Furnished,Rent,None,93439
Wakad,4,Furnished,Rent,None,97610
Wakad,4,Furnished,Rent,None,90104
Wakad,4,Furnished,Rent,None,94082
Wakad,4,Furnished,Rent,None,90867
Wakad,4,Furnished,Rent,None,95015
Wakad,4,Furnished,Rent,None,92494
Wakad,4,Furnished,Rent,None,88179
Wakad,4,Furnished,Rent,None,96497
Wakad,4,Furnished,Rent,None,99176
Wakad,4,Furnished,Rent,None,87542
Wakad,4,Furnished,Buy,New,23724254
Wakad,4,Furnished,Buy,New,21564766
Wakad,4,Furnished,Buy,New,23424326
Wakad,4,Furnished,Buy,New,22591802
Wakad,4,Furnished,Buy,New,21731330
Wakad,4,Furnished,Buy,New,22466290
Wakad,4,Furnished,Buy,New,21722592
Wakad,4,Furnished,Buy,New,22106214
Wakad,4,Furnished,Buy,New,21653561
Wakad,4,Furnished,Buy,New,22858890
Wakad,4,Furnished,Buy,New,22832055
Wakad,4,Furnished,Buy,New,23250864
Wakad,4,Furnished,Buy,PreOwned,20911555
Wakad,4,Furnished,Buy,PreOwned,20655516
Wakad,4,Furnished,Buy,PreOwned,21366426
Wakad,4,Furnished,Buy,PreOwned,20475032
Wakad,4,Furnished,Buy,PreOwned,21036873
Wakad,4,Furnished,Buy,PreOwned,20361800
Wakad,4,Furnished,Buy,PreOwned,21293403
Wakad,4,Furnished,Buy,PreOwned,21238301
Wakad,4,Furnished,Buy,PreOwned,20934104
Wakad,4,Furnished,Buy,PreOwned,20783068
Wakad,4,Furnished,Buy,PreOwned,21798623
Wakad,4,Furnished,Buy,PreOwned,20793003
Wakad,4,Non-Furnished,Rent,None,86413
Wakad,4,Non-Furnished,Rent,None,83084
Wakad,4,Non-Furnished,Rent,None,84888
Wakad,4,Non-Furnished,Rent,None,84869
Wakad,4,Non-Furnished,Rent,None,87391
Wakad,4,Non-Furnished,Rent,None,83313
Wakad,4,Non-Furnished,Rent,None,83113
Wakad,4,Non-Furnished,Rent,None,84529
Wakad,4,Non-Furnished,Rent,None,86211
Wakad,4,Non-Furnished,Rent,None,83814
Wakad,4,Non-Furnished,Rent,None,86648
Wakad,4,Non-Furnished,Rent,None,86235
Wakad,4,Non-Furnished,Buy,New,22453435
Wakad,4,Non-Furnished,Buy,New,21278537
Wakad,4,Non-Furnished,Buy,New,21966021
Wakad,4,Non-Furnished,Buy,New,21283840
Wakad,4,Non-Furnished,Buy,New,22415120
Wakad,4,Non-Furnished,Buy,New,21533785
Wakad,4,Non-Furnished,Buy,New,22251672
Wakad,4,Non-Furnished,Buy,New,21820800
Wakad,4,Non-Furnished,Buy,New,21208782
Wakad,4,Non-Furnished,Buy,New,21252654
Wakad,4,Non-Furnished,Buy,New,21599903
Wakad,4,Non-Furnished,Buy,New,21368275
Wakad,4,Non-Furnished,Buy,PreOwned,20372341
Wakad,4,Non-Furnished,Buy,PreOwned,20177774
Wakad,4,Non-Furnished,Buy,PreOwned,19906834
Wakad,4,Non-Furnished,Buy,PreOwned,20584567
Wakad,4,Non-Furnished,Buy,PreOwned,20244805
Wakad,4,Non-Furnished,Buy,PreOwned,20059463
Wakad,4,Non-Furnished,Buy,PreOwned,20277621
Wakad,4,Non-Furnished,Buy,PreOwned,19747215
Wakad,4,Non-Furnished,Buy,PreOwned,19841947
Wakad,4,Non-Furnished,Buy,PreOwned,19713642
Wakad,4,Non-Furnished,Buy,PreOwned,20303623
Wakad,4,Non-Furnished,Buy,PreOwned,20233067
Wakad,5,Furnished,Rent,None,143908
Wakad,5,Furnished,Rent,None,142130
Wakad,5,Furnished,Rent,None,137472
Wakad,5,Furnished,Rent,None,141888
Wakad,5,Furnished,Rent,None,136283
Wakad,5,Furnished,Rent,None,142161
Wakad,5,Furnished,Rent,None,139549
Wakad,5,Furnished,Rent,None,134808
Wakad,5,Furnished,Rent,None,136134
Wakad,5,Furnished,Rent,None,133546
Wakad,5,Furnished,Rent,None,133944
Wakad,5,Furnished,Rent,None,139525
Wakad,5,Furnished,Buy,New,33010253
Wakad,5,Furnished,Buy,New,32715029
Wakad,5,Furnished,Buy,New,33183880
Wakad,5,Furnished,Buy,New,31458826
Wakad,5,Furnished,Buy,New,33594858
Wakad,5,Furnished,Buy,New,32771062
Wakad,5,Furnished,Buy,New,31973610
Wakad,5,Furnished,Buy,New,31634645
Wakad,5,Furnished,Buy,New,31748372
Wakad,5,Furnished,Buy,New,31962072
Wakad,5,Furnished,Buy,New,33079397
Wakad,5,Furnished,Buy,New,32088791
Wakad,5,Furnished,Buy,PreOwned,31830502
Wakad,5,Furnished,Buy,PreOwned,30581775
Wakad,5,Furnished,Buy,PreOwned,30902700
Wakad,5,Furnished,Buy,PreOwned,30901432
Wakad,5,Furnished,Buy,PreOwned,30611581
Wakad,5,Furnished,Buy,PreOwned,30493619
Wakad,5,Furnished,Buy,PreOwned,30966926
Wakad,5,Furnished,Buy,PreOwned,31202605
Wakad,5,Furnished,Buy,PreOwned,31436796
Wakad,5,Furnished,Buy,PreOwned,30563703
Wakad,5,Furnished,Buy,PreOwned,31080130
Wakad,5,Furnished,Buy,PreOwned,31191980
Wakad,5,Non-Furnished,Rent,None,129008
Wakad,5,Non-Furnished,Rent,None,131693
Wakad,5,Non-Furnished,Rent,None,132445
Wakad,5,Non-Furnished,Rent,None,131306
Wakad,5,Non-Furnished,Rent,None,132219
Wakad,5,Non-Furnished,Rent,None,130525
Wakad,5,Non-Furnished,Rent,None,129695
Wakad,5,Non-Furnished,Rent,None,130360
Wakad,5,Non-Furnished,Rent,None,132444
Wakad,5,Non-Furnished,Rent,None,128873
Wakad,5,Non-Furnished,Rent,None,132889
Wakad,5,Non-Furnished,Rent,None,130877
Wakad,5,Non-Furnished,Buy,New,32693418
Wakad,5,Non-Furnished,Buy,New,32437182
Wakad,5,Non-Furnished,Buy,New,31454901
Wakad,5,Non-Furnished,Buy,New,31922428
Wakad,5,Non-Furnished,Buy,New,30473059
Wakad,5,Non-Furnished,Buy,New,31494013
Wakad,5,Non-Furnished,Buy,New,32079278
Wakad,5,Non-Furnished,Buy,New,31175923
Wakad,5,Non-Furnished,Buy,New,31161480
Wakad,5,Non-Furnished,Buy,New,31734238
Wakad,5,Non-Furnished,Buy,New,32703787
Wakad,5,Non-Furnished,Buy,New,32196789
Wakad,5,Non-Furnished,Buy,PreOwned,30404688
Wakad,5,Non-Furnished,Buy,PreOwned,30230355
Wakad,5,Non-Furnished,Buy,PreOwned,29751668
Wakad,5,Non-Furnished,Buy,PreOwned,30097239
Wakad,5,Non-Furnished,Buy,PreOwned,30260674
Wakad,5,Non-Furnished,Buy,PreOwned,30458890
Wakad,5,Non-Furnished,Buy,PreOwned,30239232
Wakad,5,Non-Furnished,Buy,PreOwned,29988444
Wakad,5,Non-Furnished,Buy,PreOwned,29760465
Wakad,5,Non-Furnished,Buy,PreOwned,29844465
Wakad,5,Non-Furnished,Buy,PreOwned,30164042
Wakad,5,Non-Furnished,Buy,PreOwned,30570382
Hadapsar,1,Furnished,Rent,None,28890
Hadapsar,1,Furnished,Rent,None,28121
Hadapsar,1,Furnished,Rent,None,22155
Hadapsar,1,Furnished,Rent,None,27767
Hadapsar,1,Furnished,Rent,None,29712
Hadapsar,1,Furnished,Rent,None,27434
Hadapsar,1,Furnished,Rent,None,25699
Hadapsar,1,Furnished,Rent,None,28781
Hadapsar,1,Furnished,Rent,None,25077
Hadapsar,1,Furnished,Rent,None,22411
Hadapsar,1,Furnished,Rent,None,28669
Hadapsar,1,Furnished,Rent,None,23652
Hadapsar,1,Furnished,Buy,New,7991160
Hadapsar,1,Furnished,Buy,New,6300677
Hadapsar,1,Furnished,Buy,New,6474488
Hadapsar,1,Furnished,Buy,New,6516825
Hadapsar,1,Furnished,Buy,New,7184289
Hadapsar,1,Furnished,Buy,New,5566276
Hadapsar,1,Furnished,Buy,New,6950155
Hadapsar,1,Furnished,Buy,New,6896159
Hadapsar,1,Furnished,Buy,New,6691731
Hadapsar,1,Furnished,Buy,New,7012562
Hadapsar,1,Furnished,Buy,New,6582156
Hadapsar,1,Furnished,Buy,New,5562370
Hadapsar,1,Furnished,Buy,PreOwned,5641921
Hadapsar,1,Furnished,Buy,PreOwned,4954226
Hadapsar,1,Furnished,Buy,PreOwned,4923648
Hadapsar,1,Furnished,Buy,PreOwned,5147363
Hadapsar,1,Furnished,Buy,PreOwned,4658200
Hadapsar,1,Furnished,Buy,PreOwned,4996276
Hadapsar,1,Furnished,Buy,PreOwned,5638181
Hadapsar,1,Furnished,Buy,PreOwned,4477648
Hadapsar,1,Furnished,Buy,PreOwned,5156638
Hadapsar,1,Furnished,Buy,PreOwned,4541885
Hadapsar,1,Furnished,Buy,PreOwned,5216616
Hadapsar,1,Furnished,Buy,PreOwned,4750788
Hadapsar,1,Non-Furnished,Rent,None,19885
Hadapsar,1,Non-Furnished,Rent,None,17600
Hadapsar,1,Non-Furnished,Rent,None,16561
Hadapsar,1,Non-Furnished,Rent,None,16142
Hadapsar,1,Non-Furnished,Rent,None,16670
Hadapsar,1,Non-Furnished,Rent,None,16358
Hadapsar,1,Non-Furnished,Rent,None,18614
Hadapsar,1,Non-Furnished,Rent,None,19057
Hadapsar,1,Non-Furnished,Rent,None,17285
Hadapsar,1,Non-Furnished,Rent,None,18908
Hadapsar,1,Non-Furnished,Rent,None,17561
Hadapsar,1,Non-Furnished,Rent,None,20100
Hadapsar,1,Non-Furnished,Buy,New,6180182
Hadapsar,1,Non-Furnished,Buy,New,5635462
Hadapsar,1,Non-Furnished,Buy,New,6850009
Hadapsar,1,Non-Furnished,Buy,New,6483823
Hadapsar,1,Non-Furnished,Buy,New,5426304
Hadapsar,1,Non-Furnished,Buy,New,6057392
Hadapsar,1,Non-Furnished,Buy,New,6766295
Hadapsar,1,Non-Furnished,Buy,New,5577326
Hadapsar,1,Non-Furnished,Buy,New,5351700
Hadapsar,1,Non-Furnished,Buy,New,5448935
Hadapsar,1,Non-Furnished,Buy,New,5808730
Hadapsar,1,Non-Furnished,Buy,New,5179328
Hadapsar,1,Non-Furnished,Buy,PreOwned,3854117
Hadapsar,1,Non-Furnished,Buy,PreOwned,4313381
Hadapsar,1,Non-Furnished,Buy,PreOwned,3850643
Hadapsar,1,Non-Furnished,Buy,PreOwned,4231570
Hadapsar,1,Non-Furnished,Buy,PreOwned,3918709
Hadapsar,1,Non-Furnished,Buy,PreOwned,4586845
Hadapsar,1,Non-Furnished,Buy,PreOwned,3805067
Hadapsar,1,Non-Furnished,Buy,PreOwned,4461233
Hadapsar,1,Non-Furnished,Buy,PreOwned,4424296
Hadapsar,1,Non-Furnished,Buy,PreOwned,3921136
Hadapsar,1,Non-Furnished,Buy,PreOwned,3774081
Hadapsar,1,Non-Furnished,Buy,PreOwned,3982634
Hadapsar,2,Furnished,Rent,None,37992
Hadapsar,2,Furnished,Rent,None,35823
Hadapsar,2,Furnished,Rent,None,39362
Hadapsar,2,Furnished,Rent,None,34779
Hadapsar,2,Furnished,Rent,None,38567
Hadapsar,2,Furnished,Rent,None,37840
Hadapsar,2,Furnished,Rent,None,36676
Hadapsar,2,Furnished,Rent,None,39939
Hadapsar,2,Furnished,Rent,None,38796
Hadapsar,2,Furnished,Rent,None,39538
Hadapsar,2,Furnished,Rent,None,36749
Hadapsar,2,Furnished,Rent,None,35027
Hadapsar,2,Furnished,Buy,New,9242027
Hadapsar,2,Furnished,Buy,New,9832625
Hadapsar,2,Furnished,Buy,New,9344385
Hadapsar,2,Furnished,Buy,New,9873981
Hadapsar,2,Furnished,Buy,New,9205204
Hadapsar,2,Furnished,Buy,New,10809391
Hadapsar,2,Furnished,Buy,New,9410766
Hadapsar,2,Furnished,Buy,New,10237725
Hadapsar,2,Furnished,Buy,New,10344132
Hadapsar,2,Furnished,Buy,New,9448037
Hadapsar,2,Furnished,Buy,New,9536910
Hadapsar,2,Furnished,Buy,New,9443073
Hadapsar,2,Furnished,Buy,PreOwned,8112446
Hadapsar,2,Furnished,Buy,PreOwned,7840555
Hadapsar,2,Furnished,Buy,PreOwned,8492624
Hadapsar,2,Furnished,Buy,PreOwned,8471789
Hadapsar,2,Furnished,Buy,PreOwned,9060622
Hadapsar,2,Furnished,Buy,PreOwned,8503071
Hadapsar,2,Furnished,Buy,PreOwned,9153183
Hadapsar,2,Furnished,Buy,PreOwned,8282681
Hadapsar,2,Furnished,Buy,PreOwned,8555944
Hadapsar,2,Furnished,Buy,PreOwned,8274472
Hadapsar,2,Furnished,Buy,PreOwned,8606866
Hadapsar,2,Furnished,Buy,PreOwned,7809008
Hadapsar,2,Non-Furnished,Rent,None,30051
Hadapsar,2,Non-Furnished,Rent,None,28162
Hadapsar,2,Non-Furnished,Rent,None,29335
Hadapsar,2,Non-Furnished,Rent,None,32398
Hadapsar,2,Non-Furnished,Rent,None,31068
Hadapsar,2,Non-Furnished,Rent,None,28823
Hadapsar,2,Non-Furnished,Rent,None,29888
Hadapsar,2,Non-Furnished,Rent,None,32802
Hadapsar,2,Non-Furnished,Rent,None,31123
Hadapsar,2,Non-Furnished,Rent,None,31783
Hadapsar,2,Non-Furnished,Rent,None,32503
Hadapsar,2,Non-Furnished,Rent,None,30330
Hadapsar,2,Non-Furnished,Buy,New,8286471
Hadapsar,2,Non-Furnished,Buy,New,8714895
Hadapsar,2,Non-Furnished,Buy,New,8187323
Hadapsar,2,Non-Furnished,Buy,New,8817418
Hadapsar,2,Non-Furnished,Buy,New,9086027
Hadapsar,2,Non-Furnished,Buy,New,9882977
Hadapsar,2,Non-Furnished,Buy,New,8642257
Hadapsar,2,Non-Furnished,Buy,New,9641437
Hadapsar,2,Non-Furnished,Buy,New,9098849
Hadapsar,2,Non-Furnished,Buy,New,9131267
Hadapsar,2,Non-Furnished,Buy,New,9017531
Hadapsar,2,Non-Furnished,Buy,New,8934546
Hadapsar,2,Non-Furnished,Buy,PreOwned,7483443
Hadapsar,2,Non-Furnished,Buy,PreOwned,7916000
Hadapsar,2,Non-Furnished,Buy,PreOwned,7891327
Hadapsar,2,Non-Furnished,Buy,PreOwned,7802118
Hadapsar,2,Non-Furnished,Buy,PreOwned,7919850
Hadapsar,2,Non-Furnished,Buy,PreOwned,7801091
Hadapsar,2,Non-Furnished,Buy,PreOwned,7664652
Hadapsar,2,Non-Furnished,Buy,PreOwned,7592096
Hadapsar,2,Non-Furnished,Buy,PreOwned,7946767
Hadapsar,2,Non-Furnished,Buy,PreOwned,7823888
Hadapsar,2,Non-Furnished,Buy,PreOwned,7822023
Hadapsar,2,Non-Furnished,Buy,PreOwned,7996393
Hadapsar,3,Furnished,Rent,None,55295
Hadapsar,3,Furnished,Rent,None,57636
Hadapsar,3,Furnished,Rent,None,58748
Hadapsar,3,Furnished,Rent,None,55670
Hadapsar,3,Furnished,Rent,None,55851
Hadapsar,3,Furnished,Rent,None,54404
Hadapsar,3,Furnished,Rent,None,56103
Hadapsar,3,Furnished,Rent,None,58578
Hadapsar,3,Furnished,Rent,None,62765
Hadapsar,3,Furnished,Rent,None,58091
Hadapsar,3,Furnished,Rent,None,60037
Hadapsar,3,Furnished,Rent,None,64043
Hadapsar,3,Furnished,Buy,New,15631207
Hadapsar,3,Furnished,Buy,New,14470814
Hadapsar,3,Furnished,Buy,New,16064090
Hadapsar,3,Furnished,Buy,New,15879439
Hadapsar,3,Furnished,Buy,New,16785592
Hadapsar,3,Furnished,Buy,New,15817778
Hadapsar,3,Furnished,Buy,New,15226677
Hadapsar,3,Furnished,Buy,New,15771939
Hadapsar,3,Furnished,Buy,New,14660992
Hadapsar,3,Furnished,Buy,New,15666180
Hadapsar,3,Furnished,Buy,New,16299108
Hadapsar,3,Furnished,Buy,New,16699545
Hadapsar,3,Furnished,Buy,PreOwned,14431645
Hadapsar,3,Furnished,Buy,PreOwned,13741125
Hadapsar,3,Furnished,Buy,PreOwned,14398896
Hadapsar,3,Furnished,Buy,PreOwned,14802190
Hadapsar,3,Furnished,Buy,PreOwned,14841478
Hadapsar,3,Furnished,Buy,PreOwned,14512179
Hadapsar,3,Furnished,Buy,PreOwned,13795132
Hadapsar,3,Furnished,Buy,PreOwned,13816926
Hadapsar,3,Furnished,Buy,PreOwned,13521704
Hadapsar,3,Furnished,Buy,PreOwned,13896608
Hadapsar,3,Furnished,Buy,PreOwned,14303423
Hadapsar,3,Furnished,Buy,PreOwned,13989059
Hadapsar,3,Non-Furnished,Rent,None,50963
Hadapsar,3,Non-Furnished,Rent,None,48363
Hadapsar,3,Non-Furnished,Rent,None,49092
Hadapsar,3,Non-Furnished,Rent,None,52931
Hadapsar,3,Non-Furnished,Rent,None,49436
Hadapsar,3,Non-Furnished,Rent,None,50423
Hadapsar,3,Non-Furnished,Rent,None,48510
Hadapsar,3,Non-Furnished,Rent,None,51385
Hadapsar,3,Non-Furnished,Rent,None,48826
Hadapsar,3,Non-Furnished,Rent,None,48658
Hadapsar,3,Non-Furnished,Rent,None,49418
Hadapsar,3,Non-Furnished,Rent,None,52384
Hadapsar,3,Non-Furnished,Buy,New,14663023
Hadapsar,3,Non-Furnished,Buy,New,14585137
Hadapsar,3,Non-Furnished,Buy,New,15052152
Hadapsar,3,Non-Furnished,Buy,New,15203282
Hadapsar,3,Non-Furnished,Buy,New,14976484
Hadapsar,3,Non-Furnished,Buy,New,15634355
Hadapsar,3,Non-Furnished,Buy,New,14989597
Hadapsar,3,Non-Furnished,Buy,New,15882260
Hadapsar,3,Non-Furnished,Buy,New,14379473
Hadapsar,3,Non-Furnished,Buy,New,14920764
Hadapsar,3,Non-Furnished,Buy,New,15068255
Hadapsar,3,Non-Furnished,Buy,New,14041862
Hadapsar,3,Non-Furnished,Buy,PreOwned,12721681
Hadapsar,3,Non-Furnished,Buy,PreOwned,13467458
Hadapsar,3,Non-Furnished,Buy,PreOwned,13262626
Hadapsar,3,Non-Furnished,Buy,PreOwned,13379999
Hadapsar,3,Non-Furnished,Buy,PreOwned,13240326
Hadapsar,3,Non-Furnished,Buy,PreOwned,13158584
Hadapsar,3,Non-Furnished,Buy,PreOwned,13165109
Hadapsar,3,Non-Furnished,Buy,PreOwned,13198022
Hadapsar,3,Non-Furnished,Buy,PreOwned,13067213
Hadapsar,3,Non-Furnished,Buy,PreOwned,12730748
Hadapsar,3,Non-Furnished,Buy,PreOwned,12936518
Hadapsar,3,Non-Furnished,Buy,PreOwned,13259260
Hadapsar,4,Furnished,Rent,None,86660
Hadapsar,4,Furnished,Rent,None,91389
Hadapsar,4,Furnished,Rent,None,93379
Hadapsar,4,Furnished,Rent,None,91757
Hadapsar,4,Furnished,Rent,None,99235
Hadapsar,4,Furnished,Rent,None,91399
Hadapsar,4,Furnished,Rent,None,96591
Hadapsar,4,Furnished,Rent,None,94234
Hadapsar,4,Furnished,Rent,None,88342
Hadapsar,4,Furnished,Rent,None,93867
Hadapsar,4,Furnished,Rent,None,95419
Hadapsar,4,Furnished,Rent,None,94619
Hadapsar,4,Furnished,Buy,New,21941736
Hadapsar,4,Furnished,Buy,New,22011125
Hadapsar,4,Furnished,Buy,New,23471295
Hadapsar,4,Furnished,Buy,New,23665640
Hadapsar,4,Furnished,Buy,New,22641955
Hadapsar,4,Furnished,Buy,New,23201806
Hadapsar,4,Furnished,Buy,New,23736091
Hadapsar,4,Furnished,Buy,New,22727695
Hadapsar,4,Furnished,Buy,New,22650812
Hadapsar,4,Furnished,Buy,New,23239081
Hadapsar,4,Furnished,Buy,New,22479357
Hadapsar,4,Furnished,Buy,New,21503433
Hadapsar,4,Furnished,Buy,PreOwned,21076424
Hadapsar,4,Furnished,Buy,PreOwned,21027739
Hadapsar,4,Furnished,Buy,PreOwned,21032610
Hadapsar,4,Furnished,Buy,PreOwned,20535131
Hadapsar,4,Furnished,Buy,PreOwned,20763940
Hadapsar,4,Furnished,Buy,PreOwned,21281394
Hadapsar,4,Furnished,Buy,PreOwned,20804236
Hadapsar,4,Furnished,Buy,PreOwned,21139040
Hadapsar,4,Furnished,Buy,PreOwned,20815680
Hadapsar,4,Furnished,Buy,PreOwned,21355600
Hadapsar,4,Furnished,Buy,PreOwned,20728549
Hadapsar,4,Furnished,Buy,PreOwned,20152355
Hadapsar,4,Non-Furnished,Rent,None,84182
Hadapsar,4,Non-Furnished,Rent,None,85493
Hadapsar,4,Non-Furnished,Rent,None,83861
Hadapsar,4,Non-Furnished,Rent,None,85859
Hadapsar,4,Non-Furnished,Rent,None,86254
Hadapsar,4,Non-Furnished,Rent,None,83232
Hadapsar,4,Non-Furnished,Rent,None,83060
Hadapsar,4,Non-Furnished,Rent,None,83084
Hadapsar,4,Non-Furnished,Rent,None,83949
Hadapsar,4,Non-Furnished,Rent,None,87650
Hadapsar,4,Non-Furnished,Rent,None,87343
Hadapsar,4,Non-Furnished,Rent,None,84571
Hadapsar,4,Non-Furnished,Buy,New,22455485
Hadapsar,4,Non-Furnished,Buy,New,22564083
Hadapsar,4,Non-Furnished,Buy,New,22201166
Hadapsar,4,Non-Furnished,Buy,New,21833182
Hadapsar,4,Non-Furnished,Buy,New,22060015
Hadapsar,4,Non-Furnished,Buy,New,21457638
Hadapsar,4,Non-Furnished,Buy,New,22028309
Hadapsar,4,Non-Furnished,Buy,New,22507865
Hadapsar,4,Non-Furnished,Buy,New,21601477
Hadapsar,4,Non-Furnished,Buy,New,21729264
Hadapsar,4,Non-Furnished,Buy,New,20891329
Hadapsar,4,Non-Furnished,Buy,New,21006552
Hadapsar,4,Non-Furnished,Buy,PreOwned,20042459
Hadapsar,4,Non-Furnished,Buy,PreOwned,20266831
Hadapsar,4,Non-Furnished,Buy,PreOwned,20340656
Hadapsar,4,Non-Furnished,Buy,PreOwned,20165853
Hadapsar,4,Non-Furnished,Buy,PreOwned,20486588
Hadapsar,4,Non-Furnished,Buy,PreOwned,19908985
Hadapsar,4,Non-Furnished,Buy,PreOwned,20077368
Hadapsar,4,Non-Furnished,Buy,PreOwned,19780571
Hadapsar,4,Non-Furnished,Buy,PreOwned,19719803
Hadapsar,4,Non-Furnished,Buy,PreOwned,20192001
Hadapsar,4,Non-Furnished,Buy,PreOwned,20037186
Hadapsar,4,Non-Furnished,Buy,PreOwned,20114330
Hadapsar,5,Furnished,Rent,None,136736
Hadapsar,5,Furnished,Rent,None,141250
Hadapsar,5,Furnished,Rent,None,134006
Hadapsar,5,Furnished,Rent,None,138538
Hadapsar,5,Furnished,Rent,None,138841
Hadapsar,5,Furnished,Rent,None,137405
Hadapsar,5,Furnished,Rent,None,134176
Hadapsar,5,Furnished,Rent,None,141125
Hadapsar,5,Furnished,Rent,None,136324
Hadapsar,5,Furnished,Rent,None,140858
Hadapsar,5,Furnished,Rent,None,135143
Hadapsar,5,Furnished,Rent,None,141957
Hadapsar,5,Furnished,Buy,New,33506736
Hadapsar,5,Furnished,Buy,New,32104250
Hadapsar,5,Furnished,Buy,New,32141412
Hadapsar,5,Furnished,Buy,New,33178247
Hadapsar,5,Furnished,Buy,New,32543697
Hadapsar,5,Furnished,Buy,New,33694615
Hadapsar,5,Furnished,Buy,New,32379559
Hadapsar,5,Furnished,Buy,New,32753300
Hadapsar,5,Furnished,Buy,New,32388952
Hadapsar,5,Furnished,Buy,New,32404870
Hadapsar,5,Furnished,Buy,New,31571662
Hadapsar,5,Furnished,Buy,New,31500859
Hadapsar,5,Furnished,Buy,PreOwned,30560163
Hadapsar,5,Furnished,Buy,PreOwned,31499474
Hadapsar,5,Furnished,Buy,PreOwned,31345441
Hadapsar,5,Furnished,Buy,PreOwned,30289328
Hadapsar,5,Furnished,Buy,PreOwned,31245260
Hadapsar,5,Furnished,Buy,PreOwned,30752668
Hadapsar,5,Furnished,Buy,PreOwned,30663738
Hadapsar,5,Furnished,Buy,PreOwned,31304024
Hadapsar,5,Furnished,Buy,PreOwned,31357539
Hadapsar,5,Furnished,Buy,PreOwned,30513873
Hadapsar,5,Furnished,Buy,PreOwned,30359217
Hadapsar,5,Furnished,Buy,PreOwned,31506252
Hadapsar,5,Non-Furnished,Rent,None,129028
Hadapsar,5,Non-Furnished,Rent,None,132242
Hadapsar,5,Non-Furnished,Rent,None,129870
Hadapsar,5,Non-Furnished,Rent,None,131663
Hadapsar,5,Non-Furnished,Rent,None,129060
Hadapsar,5,Non-Furnished,Rent,None,129679
Hadapsar,5,Non-Furnished,Rent,None,131550
Hadapsar,5,Non-Furnished,Rent,None,128905
Hadapsar,5,Non-Furnished,Rent,None,129188
Hadapsar,5,Non-Furnished,Rent,None,132385
Hadapsar,5,Non-Furnished,Rent,None,131164
Hadapsar,5,Non-Furnished,Rent,None,131364
Hadapsar,5,Non-Furnished,Buy,New,31840003
Hadapsar,5,Non-Furnished,Buy,New,31088599
Hadapsar,5,Non-Furnished,Buy,New,31877619
Hadapsar,5,Non-Furnished,Buy,New,31245367
Hadapsar,5,Non-Furnished,Buy,New,30835230
Hadapsar,5,Non-Furnished,Buy,New,31729431
Hadapsar,5,Non-Furnished,Buy,New,32298695
Hadapsar,5,Non-Furnished,Buy,New,30727338
Hadapsar,5,Non-Furnished,Buy,New,32267882
Hadapsar,5,Non-Furnished,Buy,New,30971043
Hadapsar,5,Non-Furnished,Buy,New,32185753
Hadapsar,5,Non-Furnished,Buy,New,32213998
Hadapsar,5,Non-Furnished,Buy,PreOwned,29998299
Hadapsar,5,Non-Furnished,Buy,PreOwned,30202614
Hadapsar,5,Non-Furnished,Buy,PreOwned,30038560
Hadapsar,5,Non-Furnished,Buy,PreOwned,30081780
Hadapsar,5,Non-Furnished,Buy,PreOwned,30404923
Hadapsar,5,Non-Furnished,Buy,PreOwned,29729822
Hadapsar,5,Non-Furnished,Buy,PreOwned,30341796
Hadapsar,5,Non-Furnished,Buy,PreOwned,30563306
Hadapsar,5,Non-Furnished,Buy,PreOwned,29820539
Hadapsar,5,Non-Furnished,Buy,PreOwned,30371835
Hadapsar,5,Non-Furnished,Buy,PreOwned,29702881
Hadapsar,5,Non-Furnished,Buy,PreOwned,30363960
Magarpatta,1,Furnished,Rent,None,27948
Magarpatta,1,Furnished,Rent,None,27751
Magarpatta,1,Furnished,Rent,None,29133
Magarpatta,1,Furnished,Rent,None,28242
Magarpatta,1,Furnished,Rent,None,25645
Magarpatta,1,Furnished,Rent,None,32370
Magarpatta,1,Furnished,Rent,None,22118
Magarpatta,1,Furnished,Rent,None,25663
Magarpatta,1,Furnished,Rent,None,24328
Magarpatta,1,Furnished,Rent,None,19633
Magarpatta,1,Furnished,Rent,None,24832
Magarpatta,1,Furnished,Rent,None,24850
Magarpatta,1,Furnished,Buy,New,7103325
Magarpatta,1,Furnished,Buy,New,5982803
Magarpatta,1,Furnished,Buy,New,6218188
Magarpatta,1,Furnished,Buy,New,6302904
Magarpatta,1,Furnished,Buy,New,6408063
Magarpatta,1,Furnished,Buy,New,7436324
Magarpatta,1,Furnished,Buy,New,6528219
Magarpatta,1,Furnished,Buy,New,7462818
Magarpatta,1,Furnished,Buy,New,6357181
Magarpatta,1,Furnished,Buy,New,5763732
Magarpatta,1,Furnished,Buy,New,5419875
Magarpatta,1,Furnished,Buy,New,7326725
Magarpatta,1,Furnished,Buy,PreOwned,4752543
Magarpatta,1,Furnished,Buy,PreOwned,4832806
Magarpatta,1,Furnished,Buy,PreOwned,5446290
Magarpatta,1,Furnished,Buy,PreOwned,4676278
Magarpatta,1,Furnished,Buy,PreOwned,5468770
Magarpatta,1,Furnished,Buy,PreOwned,5699825
Magarpatta,1,Furnished,Buy,PreOwned,5051883
Magarpatta,1,Furnished,Buy,PreOwned,5376375
Magarpatta,1,Furnished,Buy,PreOwned,4515736
Magarpatta,1,Furnished,Buy,PreOwned,5494699
Magarpatta,1,Furnished,Buy,PreOwned,5262213
Magarpatta,1,Furnished,Buy,PreOwned,5291706
Magarpatta,1,Non-Furnished,Rent,None,17352
Magarpatta,1,Non-Furnished,Rent,None,17348
Magarpatta,1,Non-Furnished,Rent,None,20703
Magarpatta,1,Non-Furnished,Rent,None,16696
Magarpatta,1,Non-Furnished,Rent,None,17829
Magarpatta,1,Non-Furnished,Rent,None,17943
Magarpatta,1,Non-Furnished,Rent,None,16500
Magarpatta,1,Non-Furnished,Rent,None,20078
Magarpatta,1,Non-Furnished,Rent,None,16765
Magarpatta,1,Non-Furnished,Rent,None,16098
Magarpatta,1,Non-Furnished,Rent,None,20103
Magarpatta,1,Non-Furnished,Rent,None,18635
Magarpatta,1,Non-Furnished,Buy,New,5692678
Magarpatta,1,Non-Furnished,Buy,New,5843081
Magarpatta,1,Non-Furnished,Buy,New,5777302
Magarpatta,1,Non-Furnished,Buy,New,5756339
Magarpatta,1,Non-Furnished,Buy,New,4614511
Magarpatta,1,Non-Furnished,Buy,New,7073377
Magarpatta,1,Non-Furnished,Buy,New,6263650
Magarpatta,1,Non-Furnished,Buy,New,5754144
Magarpatta,1,Non-Furnished,Buy,New,6680521
Magarpatta,1,Non-Furnished,Buy,New,6576499
Magarpatta,1,Non-Furnished,Buy,New,5830026
Magarpatta,1,Non-Furnished,Buy,New,5489720
Magarpatta,1,Non-Furnished,Buy,PreOwned,4233484
Magarpatta,1,Non-Furnished,Buy,PreOwned,4074300
Magarpatta,1,Non-Furnished,Buy,PreOwned,4422547
Magarpatta,1,Non-Furnished,Buy,PreOwned,4134214
Magarpatta,1,Non-Furnished,Buy,PreOwned,4471231
Magarpatta,1,Non-Furnished,Buy,PreOwned,4011898
Magarpatta,1,Non-Furnished,Buy,PreOwned,4433334
Magarpatta,1,Non-Furnished,Buy,PreOwned,4370088
Magarpatta,1,Non-Furnished,Buy,PreOwned,3886865
Magarpatta,1,Non-Furnished,Buy,PreOwned,4274124
Magarpatta,1,Non-Furnished,Buy,PreOwned,4438373
Magarpatta,1,Non-Furnished,Buy,PreOwned,4294659
Magarpatta,2,Furnished,Rent,None,38320
Magarpatta,2,Furnished,Rent,None,38965
Magarpatta,2,Furnished,Rent,None,41797
Magarpatta,2,Furnished,Rent,None,36382
Magarpatta,2,Furnished,Rent,None,39529
Magarpatta,2,Furnished,Rent,None,42701
Magarpatta,2,Furnished,Rent,None,40961
Magarpatta,2,Furnished,Rent,None,42131
Magarpatta,2,Furnished,Rent,None,41676
Magarpatta,2,Furnished,Rent,None,35539
Magarpatta,2,Furnished,Rent,None,34117
Magarpatta,2,Furnished,Rent,None,37737
Magarpatta,2,Furnished,Buy,New,10936289
Magarpatta,2,Furnished,Buy,New,10237000
Magarpatta,2,Furnished,Buy,New,9001772
Magarpatta,2,Furnished,Buy,New,11874483
Magarpatta,2,Furnished,Buy,New,10854896
Magarpatta,2,Furnished,Buy,New,9503009
Magarpatta,2,Furnished,Buy,New,10318710
Magarpatta,2,Furnished,Buy,New,10650205
Magarpatta,2,Furnished,Buy,New,10648038
Magarpatta,2,Furnished,Buy,New,10029748
Magarpatta,2,Furnished,Buy,New,8832218
Magarpatta,2,Furnished,Buy,New,10365691
Magarpatta,2,Furnished,Buy,PreOwned,8659570
Magarpatta,2,Furnished,Buy,PreOwned,8741793
Magarpatta,2,Furnished,Buy,PreOwned,9518446
Magarpatta,2,Furnished,Buy,PreOwned,9295907
Magarpatta,2,Furnished,Buy,PreOwned,7859299
Magarpatta,2,Furnished,Buy,PreOwned,8786043
Magarpatta,2,Furnished,Buy,PreOwned,9215461
Magarpatta,2,Furnished,Buy,PreOwned,8360239
Magarpatta,2,Furnished,Buy,PreOwned,7941718
Magarpatta,2,Furnished,Buy,PreOwned,8228284
Magarpatta,2,Furnished,Buy,PreOwned,9410985
Magarpatta,2,Furnished,Buy,PreOwned,8842893
Magarpatta,2,Non-Furnished,Rent,None,29371
Magarpatta,2,Non-Furnished,Rent,None,30369
Magarpatta,2,Non-Furnished,Rent,None,32116
Magarpatta,2,Non-Furnished,Rent,None,31598
Magarpatta,2,Non-Furnished,Rent,None,28414
Magarpatta,2,Non-Furnished,Rent,None,31184
Magarpatta,2,Non-Furnished,Rent,None,32880
Magarpatta,2,Non-Furnished,Rent,None,31477
Magarpatta,2,Non-Furnished,Rent,None,32191
Magarpatta,2,Non-Furnished,Rent,None,31361
Magarpatta,2,Non-Furnished,Rent,None,32475
Magarpatta,2,Non-Furnished,Rent,None,30785
Magarpatta,2,Non-Furnished,Buy,New,9103834
Magarpatta,2,Non-Furnished,Buy,New,9715527
Magarpatta,2,Non-Furnished,Buy,New,9466824
Magarpatta,2,Non-Furnished,Buy,New,8080167
Magarpatta,2,Non-Furnished,Buy,New,9512446
Magarpatta,2,Non-Furnished,Buy,New,9313436
Magarpatta,2,Non-Furnished,Buy,New,8238636
Magarpatta,2,Non-Furnished,Buy,New,9519082
Magarpatta,2,Non-Furnished,Buy,New,9500047
Magarpatta,2,Non-Furnished,Buy,New,9089747
Magarpatta,2,Non-Furnished,Buy,New,9780978
Magarpatta,2,Non-Furnished,Buy,New,8578166
Magarpatta,2,Non-Furnished,Buy,PreOwned,7581578
Magarpatta,2,Non-Furnished,Buy,PreOwned,7973988
Magarpatta,2,Non-Furnished,Buy,PreOwned,7369136
Magarpatta,2,Non-Furnished,Buy,PreOwned,8065509
Magarpatta,2,Non-Furnished,Buy,PreOwned,7501534
Magarpatta,2,Non-Furnished,Buy,PreOwned,7754697
Magarpatta,2,Non-Furnished,Buy,PreOwned,7576259
Magarpatta,2,Non-Furnished,Buy,PreOwned,7356448
Magarpatta,2,Non-Furnished,Buy,PreOwned,7598716
Magarpatta,2,Non-Furnished,Buy,PreOwned,7323082
Magarpatta,2,Non-Furnished,Buy,PreOwned,8059913
Magarpatta,2,Non-Furnished,Buy,PreOwned,7790960
Magarpatta,3,Furnished,Rent,None,58350
Magarpatta,3,Furnished,Rent,None,54835
Magarpatta,3,Furnished,Rent,None,60332
Magarpatta,3,Furnished,Rent,None,61561
Magarpatta,3,Furnished,Rent,None,57574
Magarpatta,3,Furnished,Rent,None,53380
Magarpatta,3,Furnished,Rent,None,56642
Magarpatta,3,Furnished,Rent,None,61186
Magarpatta,3,Furnished,Rent,None,60326
Magarpatta,3,Furnished,Rent,None,60050
Magarpatta,3,Furnished,Rent,None,62719
Magarpatta,3,Furnished,Rent,None,59405
Magarpatta,3,Furnished,Buy,New,15676125
Magarpatta,3,Furnished,Buy,New,14618489
Magarpatta,3,Furnished,Buy,New,15755591
Magarpatta,3,Furnished,Buy,New,14888838
Magarpatta,3,Furnished,Buy,New,14818246
Magarpatta,3,Furnished,Buy,New,16213583
Magarpatta,3,Furnished,Buy,New,15650741
Magarpatta,3,Furnished,Buy,New,15504084
Magarpatta,3,Furnished,Buy,New,15843571
Magarpatta,3,Furnished,Buy,New,15379820
Magarpatta,3,Furnished,Buy,New,16414051
Magarpatta,3,Furnished,Buy,New,16597641
Magarpatta,3,Furnished,Buy,PreOwned,14188301
Magarpatta,3,Furnished,Buy,PreOwned,14203988
Magarpatta,3,Furnished,Buy,PreOwned,13179701
Magarpatta,3,Furnished,Buy,PreOwned,14300929
Magarpatta,3,Furnished,Buy,PreOwned,14298731
Magarpatta,3,Furnished,Buy,PreOwned,14062619
Magarpatta,3,Furnished,Buy,PreOwned,14743648
Magarpatta,3,Furnished,Buy,PreOwned,14120700
Magarpatta,3,Furnished,Buy,PreOwned,14203543
Magarpatta,3,Furnished,Buy,PreOwned,13647506
Magarpatta,3,Furnished,Buy,PreOwned,14408507
Magarpatta,3,Furnished,Buy,PreOwned,13684519
Magarpatta,3,Non-Furnished,Rent,None,48204
Magarpatta,3,Non-Furnished,Rent,None,52949
Magarpatta,3,Non-Furnished,Rent,None,48889
Magarpatta,3,Non-Furnished,Rent,None,50867
Magarpatta,3,Non-Furnished,Rent,None,48792
Magarpatta,3,Non-Furnished,Rent,None,52148
Magarpatta,3,Non-Furnished,Rent,None,52352
Magarpatta,3,Non-Furnished,Rent,None,48317
Magarpatta,3,Non-Furnished,Rent,None,52717
Magarpatta,3,Non-Furnished,Rent,None,50915
Magarpatta,3,Non-Furnished,Rent,None,52199
Magarpatta,3,Non-Furnished,Rent,None,51621
Magarpatta,3,Non-Furnished,Buy,New,14086651
Magarpatta,3,Non-Furnished,Buy,New,15639309
Magarpatta,3,Non-Furnished,Buy,New,14084811
Magarpatta,3,Non-Furnished,Buy,New,14206112
Magarpatta,3,Non-Furnished,Buy,New,16045393
Magarpatta,3,Non-Furnished,Buy,New,14968561
Magarpatta,3,Non-Furnished,Buy,New,14178050
Magarpatta,3,Non-Furnished,Buy,New,14354937
Magarpatta,3,Non-Furnished,Buy,New,15048326
Magarpatta,3,Non-Furnished,Buy,New,14143218
Magarpatta,3,Non-Furnished,Buy,New,15574819
Magarpatta,3,Non-Furnished,Buy,New,14187580
Magarpatta,3,Non-Furnished,Buy,PreOwned,13021786
Magarpatta,3,Non-Furnished,Buy,PreOwned,13127668
Magarpatta,3,Non-Furnished,Buy,PreOwned,13161486
Magarpatta,3,Non-Furnished,Buy,PreOwned,13228953
Magarpatta,3,Non-Furnished,Buy,PreOwned,12855975
Magarpatta,3,Non-Furnished,Buy,PreOwned,13543168
Magarpatta,3,Non-Furnished,Buy,PreOwned,12782792
Magarpatta,3,Non-Furnished,Buy,PreOwned,13258694
Magarpatta,3,Non-Furnished,Buy,PreOwned,12756102
Magarpatta,3,Non-Furnished,Buy,PreOwned,13132497
Magarpatta,3,Non-Furnished,Buy,PreOwned,12913753
Magarpatta,3,Non-Furnished,Buy,PreOwned,12973717
Magarpatta,4,Furnished,Rent,None,88797
Magarpatta,4,Furnished,Rent,None,88726
Magarpatta,4,Furnished,Rent,None,95753
Magarpatta,4,Furnished,Rent,None,95995
Magarpatta,4,Furnished,Rent,None,92170
Magarpatta,4,Furnished,Rent,None,94516
Magarpatta,4,Furnished,Rent,None,99372
Magarpatta,4,Furnished,Rent,None,96436
Magarpatta,4,Furnished,Rent,None,96369
Magarpatta,4,Furnished,Rent,None,88871
Magarpatta,4,Furnished,Rent,None,92297
Magarpatta,4,Furnished,Rent,None,95235
Magarpatta,4,Furnished,Buy,New,21877976
Magarpatta,4,Furnished,Buy,New,22127831
Magarpatta,4,Furnished,Buy,New,22151805
Magarpatta,4,Furnished,Buy,New,21490482
Magarpatta,4,Furnished,Buy,New,22641294
Magarpatta,4,Furnished,Buy,New,22071169
Magarpatta,4,Furnished,Buy,New,23350491
Magarpatta,4,Furnished,Buy,New,23852091
Magarpatta,4,Furnished,Buy,New,23115616
Magarpatta,4,Furnished,Buy,New,23175542
Magarpatta,4,Furnished,Buy,New,21985944
Magarpatta,4,Furnished,Buy,New,22844710
Magarpatta,4,Furnished,Buy,PreOwned,20993530
Magarpatta,4,Furnished,Buy,PreOwned,20921574
Magarpatta,4,Furnished,Buy,PreOwned,21486395
Magarpatta,4,Furnished,Buy,PreOwned,21618204
Magarpatta,4,Furnished,Buy,PreOwned,21537038
Magarpatta,4,Furnished,Buy,PreOwned,20623802
Magarpatta,4,Furnished,Buy,PreOwned,20885352
Magarpatta,4,Furnished,Buy,PreOwned,21058977
Magarpatta,4,Furnished,Buy,PreOwned,20825098
Magarpatta,4,Furnished,Buy,PreOwned,21093182
Magarpatta,4,Furnished,Buy,PreOwned,20733859
Magarpatta,4,Furnished,Buy,PreOwned,21812883
Magarpatta,4,Non-Furnished,Rent,None,85674
Magarpatta,4,Non-Furnished,Rent,None,85425
Magarpatta,4,Non-Furnished,Rent,None,85369
Magarpatta,4,Non-Furnished,Rent,None,83581
Magarpatta,4,Non-Furnished,Rent,None,87613
Magarpatta,4,Non-Furnished,Rent,None,85480
Magarpatta,4,Non-Furnished,Rent,None,85044
Magarpatta,4,Non-Furnished,Rent,None,87078
Magarpatta,4,Non-Furnished,Rent,None,86282
Magarpatta,4,Non-Furnished,Rent,None,85410
Magarpatta,4,Non-Furnished,Rent,None,83532
Magarpatta,4,Non-Furnished,Rent,None,85261
Magarpatta,4,Non-Furnished,Buy,New,22343192
Magarpatta,4,Non-Furnished,Buy,New,22340784
Magarpatta,4,Non-Furnished,Buy,New,21184393
Magarpatta,4,Non-Furnished,Buy,New,21831021
Magarpatta,4,Non-Furnished,Buy,New,22330139
Magarpatta,4,Non-Furnished,Buy,New,20929117
Magarpatta,4,Non-Furnished,Buy,New,22455949
Magarpatta,4,Non-Furnished,Buy,New,21144365
Magarpatta,4,Non-Furnished,Buy,New,21476296
Magarpatta,4,Non-Furnished,Buy,New,22648694
Magarpatta,4,Non-Furnished,Buy,New,20841399
Magarpatta,4,Non-Furnished,Buy,New,20760532
Magarpatta,4,Non-Furnished,Buy,PreOwned,20214740
Magarpatta,4,Non-Furnished,Buy,PreOwned,20254673
Magarpatta,4,Non-Furnished,Buy,PreOwned,20003639
Magarpatta,4,Non-Furnished,Buy,PreOwned,20134576
Magarpatta,4,Non-Furnished,Buy,PreOwned,20466633
Magarpatta,4,Non-Furnished,Buy,PreOwned,19852627
Magarpatta,4,Non-Furnished,Buy,PreOwned,20398856
Magarpatta,4,Non-Furnished,Buy,PreOwned,20296334
Magarpatta,4,Non-Furnished,Buy,PreOwned,19965809
Magarpatta,4,Non-Furnished,Buy,PreOwned,19806380
Magarpatta,4,Non-Furnished,Buy,PreOwned,20562669
Magarpatta,4,Non-Furnished,Buy,PreOwned,20459148
Magarpatta,5,Furnished,Rent,None,139330
Magarpatta,5,Furnished,Rent,None,142479
Magarpatta,5,Furnished,Rent,None,136431
Magarpatta,5,Furnished,Rent,None,144500
Magarpatta,5,Furnished,Rent,None,139217
Magarpatta,5,Furnished,Rent,None,134821
Magarpatta,5,Furnished,Rent,None,138076
Magarpatta,5,Furnished,Rent,None,139023
Magarpatta,5,Furnished,Rent,None,138388
Magarpatta,5,Furnished,Rent,None,134382
Magarpatta,5,Furnished,Rent,None,140673
Magarpatta,5,Furnished,Rent,None,134533
Magarpatta,5,Furnished,Buy,New,33076669
Magarpatta,5,Furnished,Buy,New,33046492
Magarpatta,5,Furnished,Buy,New,33513755
Magarpatta,5,Furnished,Buy,New,33136269
Magarpatta,5,Furnished,Buy,New,32816446
Magarpatta,5,Furnished,Buy,New,32881303
Magarpatta,5,Furnished,Buy,New,33289244
Magarpatta,5,Furnished,Buy,New,33396385
Magarpatta,5,Furnished,Buy,New,33924083
Magarpatta,5,Furnished,Buy,New,33690927
Magarpatta,5,Furnished,Buy,New,33695405
Magarpatta,5,Furnished,Buy,New,32426161
Magarpatta,5,Furnished,Buy,PreOwned,30926668
Magarpatta,5,Furnished,Buy,PreOwned,31457178
Magarpatta,5,Furnished,Buy,PreOwned,31331209
Magarpatta,5,Furnished,Buy,PreOwned,31431926
Magarpatta,5,Furnished,Buy,PreOwned,30737125
Magarpatta,5,Furnished,Buy,PreOwned,31451051
Magarpatta,5,Furnished,Buy,PreOwned,31230055
Magarpatta,5,Furnished,Buy,PreOwned,30798560
Magarpatta,5,Furnished,Buy,PreOwned,30403595
Magarpatta,5,Furnished,Buy,PreOwned,31102910
Magarpatta,5,Furnished,Buy,PreOwned,31282800
Magarpatta,5,Furnished,Buy,PreOwned,30807561
Magarpatta,5,Non-Furnished,Rent,None,132706
Magarpatta,5,Non-Furnished,Rent,None,131879
Magarpatta,5,Non-Furnished,Rent,None,131985
Magarpatta,5,Non-Furnished,Rent,None,132288
Magarpatta,5,Non-Furnished,Rent,None,132102
Magarpatta,5,Non-Furnished,Rent,None,128726
Magarpatta,5,Non-Furnished,Rent,None,132350
Magarpatta,5,Non-Furnished,Rent,None,129747
Magarpatta,5,Non-Furnished,Rent,None,128022
Magarpatta,5,Non-Furnished,Rent,None,129234
Magarpatta,5,Non-Furnished,Rent,None,131625
Magarpatta,5,Non-Furnished,Rent,None,132291
Magarpatta,5,Non-Furnished,Buy,New,32395200
Magarpatta,5,Non-Furnished,Buy,New,31135834
Magarpatta,5,Non-Furnished,Buy,New,31268064
Magarpatta,5,Non-Furnished,Buy,New,32079424
Magarpatta,5,Non-Furnished,Buy,New,31792750
Magarpatta,5,Non-Furnished,Buy,New,32770779
Magarpatta,5,Non-Furnished,Buy,New,32536803
Magarpatta,5,Non-Furnished,Buy,New,32714792
Magarpatta,5,Non-Furnished,Buy,New,31086774
Magarpatta,5,Non-Furnished,Buy,New,31016912
Magarpatta,5,Non-Furnished,Buy,New,31801573
Magarpatta,5,Non-Furnished,Buy,New,31637352
Magarpatta,5,Non-Furnished,Buy,PreOwned,29847590
Magarpatta,5,Non-Furnished,Buy,PreOwned,30018368
Magarpatta,5,Non-Furnished,Buy,PreOwned,30368313
Magarpatta,5,Non-Furnished,Buy,PreOwned,30527839
Magarpatta,5,Non-Furnished,Buy,PreOwned,29918973
Magarpatta,5,Non-Furnished,Buy,PreOwned,30002011
Magarpatta,5,Non-Furnished,Buy,PreOwned,29894894
Magarpatta,5,Non-Furnished,Buy,PreOwned,30342775
Magarpatta,5,Non-Furnished,Buy,PreOwned,30017859
Magarpatta,5,Non-Furnished,Buy,PreOwned,29866562
Magarpatta,5,Non-Furnished,Buy,PreOwned,30468611
Magarpatta,5,Non-Furnished,Buy,PreOwned,30395708
Balewadi,1,Furnished,Rent,None,22038
Balewadi,1,Furnished,Rent,None,26430
Balewadi,1,Furnished,Rent,None,23262
Balewadi,1,Furnished,Rent,None,28512
Balewadi,1,Furnished,Rent,None,20407
Balewadi,1,Furnished,Rent,None,26300
Balewadi,1,Furnished,Rent,None,29861
Balewadi,1,Furnished,Rent,None,25190
Balewadi,1,Furnished,Rent,None,23072
Balewadi,1,Furnished,Rent,None,23106
Balewadi,1,Furnished,Rent,None,20431
Balewadi,1,Furnished,Rent,None,25131
Balewadi,1,Furnished,Buy,New,5246574
Balewadi,1,Furnished,Buy,New,8174183
Balewadi,1,Furnished,Buy,New,7721754
Balewadi,1,Furnished,Buy,New,6067786
Balewadi,1,Furnished,Buy,New,6102634
Balewadi,1,Furnished,Buy,New,7515243
Balewadi,1,Furnished,Buy,New,5919070
Balewadi,1,Furnished,Buy,New,6555663
Balewadi,1,Furnished,Buy,New,5908497
Balewadi,1,Furnished,Buy,New,6824019
Balewadi,1,Furnished,Buy,New,6816937
Balewadi,1,Furnished,Buy,New,5241050
Balewadi,1,Furnished,Buy,PreOwned,5511041
Balewadi,1,Furnished,Buy,PreOwned,5294994
Balewadi,1,Furnished,Buy,PreOwned,4787414
Balewadi,1,Furnished,Buy,PreOwned,4828498
Balewadi,1,Furnished,Buy,PreOwned,5597147
Balewadi,1,Furnished,Buy,PreOwned,5882694
Balewadi,1,Furnished,Buy,PreOwned,5016892
Balewadi,1,Furnished,Buy,PreOwned,5331290
Balewadi,1,Furnished,Buy,PreOwned,5206538
Balewadi,1,Furnished,Buy,PreOwned,5679247
Balewadi,1,Furnished,Buy,PreOwned,5105481
Balewadi,1,Furnished,Buy,PreOwned,4663986
Balewadi,1,Non-Furnished,Rent,None,18195
Balewadi,1,Non-Furnished,Rent,None,18191
Balewadi,1,Non-Furnished,Rent,None,16861
Balewadi,1,Non-Furnished,Rent,None,19849
Balewadi,1,Non-Furnished,Rent,None,16447
Balewadi,1,Non-Furnished,Rent,None,17219
Balewadi,1,Non-Furnished,Rent,None,19407
Balewadi,1,Non-Furnished,Rent,None,19831
Balewadi,1,Non-Furnished,Rent,None,16801
Balewadi,1,Non-Furnished,Rent,None,17009
Balewadi,1,Non-Furnished,Rent,None,18952
Balewadi,1,Non-Furnished,Rent,None,16743
Balewadi,1,Non-Furnished,Buy,New,5934551
Balewadi,1,Non-Furnished,Buy,New,5599994
Balewadi,1,Non-Furnished,Buy,New,6223791
Balewadi,1,Non-Furnished,Buy,New,5877615
Balewadi,1,Non-Furnished,Buy,New,5992210
Balewadi,1,Non-Furnished,Buy,New,4919473
Balewadi,1,Non-Furnished,Buy,New,7026037
Balewadi,1,Non-Furnished,Buy,New,5570116
Balewadi,1,Non-Furnished,Buy,New,5235208
Balewadi,1,Non-Furnished,Buy,New,6160911
Balewadi,1,Non-Furnished,Buy,New,5943467
Balewadi,1,Non-Furnished,Buy,New,6473341
Balewadi,1,Non-Furnished,Buy,PreOwned,3946824
Balewadi,1,Non-Furnished,Buy,PreOwned,4038925
Balewadi,1,Non-Furnished,Buy,PreOwned,4531077
Balewadi,1,Non-Furnished,Buy,PreOwned,4534499
Balewadi,1,Non-Furnished,Buy,PreOwned,4426927
Balewadi,1,Non-Furnished,Buy,PreOwned,3764271
Balewadi,1,Non-Furnished,Buy,PreOwned,3893241
Balewadi,1,Non-Furnished,Buy,PreOwned,4151631
Balewadi,1,Non-Furnished,Buy,PreOwned,3881941
Balewadi,1,Non-Furnished,Buy,PreOwned,4123905
Balewadi,1,Non-Furnished,Buy,PreOwned,3976499
Balewadi,1,Non-Furnished,Buy,PreOwned,3750592
Balewadi,2,Furnished,Rent,None,38131
Balewadi,2,Furnished,Rent,None,35517
Balewadi,2,Furnished,Rent,None,35711
Balewadi,2,Furnished,Rent,None,32828
Balewadi,2,Furnished,Rent,None,36666
Balewadi,2,Furnished,Rent,None,36392
Balewadi,2,Furnished,Rent,None,39456
Balewadi,2,Furnished,Rent,None,41244
Balewadi,2,Furnished,Rent,None,39608
Balewadi,2,Furnished,Rent,None,36693
Balewadi,2,Furnished,Rent,None,37618
Balewadi,2,Furnished,Rent,None,38576
Balewadi,2,Furnished,Buy,New,9819684
Balewadi,2,Furnished,Buy,New,10868552
Balewadi,2,Furnished,Buy,New,9777225
Balewadi,2,Furnished,Buy,New,9523275
Balewadi,2,Furnished,Buy,New,11280735
Balewadi,2,Furnished,Buy,New,10349034
Balewadi,2,Furnished,Buy,New,10859230
Balewadi,2,Furnished,Buy,New,9563382
Balewadi,2,Furnished,Buy,New,10100906
Balewadi,2,Furnished,Buy,New,10311707
Balewadi,2,Furnished,Buy,New,9915953
Balewadi,2,Furnished,Buy,New,9295769
Balewadi,2,Furnished,Buy,PreOwned,7727472
Balewadi,2,Furnished,Buy,PreOwned,8047035
Balewadi,2,Furnished,Buy,PreOwned,7962115
Balewadi,2,Furnished,Buy,PreOwned,8570467
Balewadi,2,Furnished,Buy,PreOwned,8081248
Balewadi,2,Furnished,Buy,PreOwned,7903026
Balewadi,2,Furnished,Buy,PreOwned,8962596
Balewadi,2,Furnished,Buy,PreOwned,8740363
Balewadi,2,Furnished,Buy,PreOwned,7754642
Balewadi,2,Furnished,Buy,PreOwned,8465539
Balewadi,2,Furnished,Buy,PreOwned,8442591
Balewadi,2,Furnished,Buy,PreOwned,8476789
Balewadi,2,Non-Furnished,Rent,None,30494
Balewadi,2,Non-Furnished,Rent,None,31806
Balewadi,2,Non-Furnished,Rent,None,31427
Balewadi,2,Non-Furnished,Rent,None,30917
Balewadi,2,Non-Furnished,Rent,None,30133
Balewadi,2,Non-Furnished,Rent,None,29656
Balewadi,2,Non-Furnished,Rent,None,28869
Balewadi,2,Non-Furnished,Rent,None,28386
Balewadi,2,Non-Furnished,Rent,None,28839
Balewadi,2,Non-Furnished,Rent,None,32118
Balewadi,2,Non-Furnished,Rent,None,32118
Balewadi,2,Non-Furnished,Rent,None,28757
Balewadi,2,Non-Furnished,Buy,New,9042522
Balewadi,2,Non-Furnished,Buy,New,8716000
Balewadi,2,Non-Furnished,Buy,New,8716511
Balewadi,2,Non-Furnished,Buy,New,9382327
Balewadi,2,Non-Furnished,Buy,New,9766780
Balewadi,2,Non-Furnished,Buy,New,8323029
Balewadi,2,Non-Furnished,Buy,New,10335822
Balewadi,2,Non-Furnished,Buy,New,9415737
Balewadi,2,Non-Furnished,Buy,New,9237341
Balewadi,2,Non-Furnished,Buy,New,8903134
Balewadi,2,Non-Furnished,Buy,New,9502366
Balewadi,2,Non-Furnished,Buy,New,9344922
Balewadi,2,Non-Furnished,Buy,PreOwned,7372772
Balewadi,2,Non-Furnished,Buy,PreOwned,7233182
Balewadi,2,Non-Furnished,Buy,PreOwned,7843896
Balewadi,2,Non-Furnished,Buy,PreOwned,7714615
Balewadi,2,Non-Furnished,Buy,PreOwned,7376017
Balewadi,2,Non-Furnished,Buy,PreOwned,7504949
Balewadi,2,Non-Furnished,Buy,PreOwned,7827436
Balewadi,2,Non-Furnished,Buy,PreOwned,7623509
Balewadi,2,Non-Furnished,Buy,PreOwned,8068088
Balewadi,2,Non-Furnished,Buy,PreOwned,7984490
Balewadi,2,Non-Furnished,Buy,PreOwned,7454208
Balewadi,2,Non-Furnished,Buy,PreOwned,7576445
Balewadi,3,Furnished,Rent,None,55894
Balewadi,3,Furnished,Rent,None,64117
Balewadi,3,Furnished,Rent,None,59897
Balewadi,3,Furnished,Rent,None,52451
Balewadi,3,Furnished,Rent,None,60203
Balewadi,3,Furnished,Rent,None,59681
Balewadi,3,Furnished,Rent,None,60408
Balewadi,3,Furnished,Rent,None,55843
Balewadi,3,Furnished,Rent,None,59896
Balewadi,3,Furnished,Rent,None,53295
Balewadi,3,Furnished,Rent,None,61779
Balewadi,3,Furnished,Rent,None,61137
Balewadi,3,Furnished,Buy,New,15706763
Balewadi,3,Furnished,Buy,New,16820986
Balewadi,3,Furnished,Buy,New,15968917
Balewadi,3,Furnished,Buy,New,15610565
Balewadi,3,Furnished,Buy,New,15194628
Balewadi,3,Furnished,Buy,New,15936828
Balewadi,3,Furnished,Buy,New,15866218
Balewadi,3,Furnished,Buy,New,16531160
Balewadi,3,Furnished,Buy,New,14451015
Balewadi,3,Furnished,Buy,New,16037493
Balewadi,3,Furnished,Buy,New,15968966
Balewadi,3,Furnished,Buy,New,15749031
Balewadi,3,Furnished,Buy,PreOwned,14030987
Balewadi,3,Furnished,Buy,PreOwned,14773637
Balewadi,3,Furnished,Buy,PreOwned,14832486
Balewadi,3,Furnished,Buy,PreOwned,14789255
Balewadi,3,Furnished,Buy,PreOwned,14666124
Balewadi,3,Furnished,Buy,PreOwned,14324941
Balewadi,3,Furnished,Buy,PreOwned,14627640
Balewadi,3,Furnished,Buy,PreOwned,14690539
Balewadi,3,Furnished,Buy,PreOwned,14643236
Balewadi,3,Furnished,Buy,PreOwned,14260687
Balewadi,3,Furnished,Buy,PreOwned,14573987
Balewadi,3,Furnished,Buy,PreOwned,14324076
Balewadi,3,Non-Furnished,Rent,None,50982
Balewadi,3,Non-Furnished,Rent,None,49511
Balewadi,3,Non-Furnished,Rent,None,48599
Balewadi,3,Non-Furnished,Rent,None,48528
Balewadi,3,Non-Furnished,Rent,None,50127
Balewadi,3,Non-Furnished,Rent,None,52698
Balewadi,3,Non-Furnished,Rent,None,48423
Balewadi,3,Non-Furnished,Rent,None,50573
Balewadi,3,Non-Furnished,Rent,None,50486
Balewadi,3,Non-Furnished,Rent,None,48431
Balewadi,3,Non-Furnished,Rent,None,48010
Balewadi,3,Non-Furnished,Rent,None,52833
Balewadi,3,Non-Furnished,Buy,New,14869438
Balewadi,3,Non-Furnished,Buy,New,14406955
Balewadi,3,Non-Furnished,Buy,New,15149476
Balewadi,3,Non-Furnished,Buy,New,15809324
Balewadi,3,Non-Furnished,Buy,New,15143961
Balewadi,3,Non-Furnished,Buy,New,14947161
Balewadi,3,Non-Furnished,Buy,New,13977656
Balewadi,3,Non-Furnished,Buy,New,14343956
Balewadi,3,Non-Furnished,Buy,New,15852694
Balewadi,3,Non-Furnished,Buy,New,14437228
Balewadi,3,Non-Furnished,Buy,New,15365979
Balewadi,3,Non-Furnished,Buy,New,13797033
Balewadi,3,Non-Furnished,Buy,PreOwned,13305499
Balewadi,3,Non-Furnished,Buy,PreOwned,12916484
Balewadi,3,Non-Furnished,Buy,PreOwned,12703508
Balewadi,3,Non-Furnished,Buy,PreOwned,13300962
Balewadi,3,Non-Furnished,Buy,PreOwned,13236402
Balewadi,3,Non-Furnished,Buy,PreOwned,13014072
Balewadi,3,Non-Furnished,Buy,PreOwned,12819886
Balewadi,3,Non-Furnished,Buy,PreOwned,12974838
Balewadi,3,Non-Furnished,Buy,PreOwned,13423882
Balewadi,3,Non-Furnished,Buy,PreOwned,13391888
Balewadi,3,Non-Furnished,Buy,PreOwned,12948359
Balewadi,3,Non-Furnished,Buy,PreOwned,12746514
Balewadi,4,Furnished,Rent,None,90571
Balewadi,4,Furnished,Rent,None,92237
Balewadi,4,Furnished,Rent,None,91566
Balewadi,4,Furnished,Rent,None,94935
Balewadi,4,Furnished,Rent,None,87324
Balewadi,4,Furnished,Rent,None,93456
Balewadi,4,Furnished,Rent,None,97914
Balewadi,4,Furnished,Rent,None,91052
Balewadi,4,Furnished,Rent,None,94566
Balewadi,4,Furnished,Rent,None,90923
Balewadi,4,Furnished,Rent,None,89492
Balewadi,4,Furnished,Rent,None,87078
Balewadi,4,Furnished,Buy,New,22759757
Balewadi,4,Furnished,Buy,New,22740772
Balewadi,4,Furnished,Buy,New,23014910
Balewadi,4,Furnished,Buy,New,22221138
Balewadi,4,Furnished,Buy,New,23192806
Balewadi,4,Furnished,Buy,New,22456468
Balewadi,4,Furnished,Buy,New,22893198
Balewadi,4,Furnished,Buy,New,21502208
Balewadi,4,Furnished,Buy,New,23045679
Balewadi,4,Furnished,Buy,New,22647744
Balewadi,4,Furnished,Buy,New,23380667
Balewadi,4,Furnished,Buy,New,22565568
Balewadi,4,Furnished,Buy,PreOwned,20370505
Balewadi,4,Furnished,Buy,PreOwned,20756441
Balewadi,4,Furnished,Buy,PreOwned,21016773
Balewadi,4,Furnished,Buy,PreOwned,20675444
Balewadi,4,Furnished,Buy,PreOwned,21240657
Balewadi,4,Furnished,Buy,PreOwned,20800622
Balewadi,4,Furnished,Buy,PreOwned,21218920
Balewadi,4,Furnished,Buy,PreOwned,20525264
Balewadi,4,Furnished,Buy,PreOwned,20764121
Balewadi,4,Furnished,Buy,PreOwned,21025514
Balewadi,4,Furnished,Buy,PreOwned,20503674
Balewadi,4,Furnished,Buy,PreOwned,20815400
Balewadi,4,Non-Furnished,Rent,None,86011
Balewadi,4,Non-Furnished,Rent,None,85860
Balewadi,4,Non-Furnished,Rent,None,87979
Balewadi,4,Non-Furnished,Rent,None,84608
Balewadi,4,Non-Furnished,Rent,None,85213
Balewadi,4,Non-Furnished,Rent,None,85516
Balewadi,4,Non-Furnished,Rent,None,87541
Balewadi,4,Non-Furnished,Rent,None,84584
Balewadi,4,Non-Furnished,Rent,None,85292
Balewadi,4,Non-Furnished,Rent,None,84356
Balewadi,4,Non-Furnished,Rent,None,85725
Balewadi,4,Non-Furnished,Rent,None,87707
Balewadi,4,Non-Furnished,Buy,New,21833974
Balewadi,4,Non-Furnished,Buy,New,22536465
Balewadi,4,Non-Furnished,Buy,New,21449128
Balewadi,4,Non-Furnished,Buy,New,21101250
Balewadi,4,Non-Furnished,Buy,New,21318187
Balewadi,4,Non-Furnished,Buy,New,21489410
Balewadi,4,Non-Furnished,Buy,New,21065487
Balewadi,4,Non-Furnished,Buy,New,21009704
Balewadi,4,Non-Furnished,Buy,New,21762591
Balewadi,4,Non-Furnished,Buy,New,21988961
Balewadi,4,Non-Furnished,Buy,New,22290078
Balewadi,4,Non-Furnished,Buy,New,21630168
Balewadi,4,Non-Furnished,Buy,PreOwned,20250108
Balewadi,4,Non-Furnished,Buy,PreOwned,20310545
Balewadi,4,Non-Furnished,Buy,PreOwned,20569484
Balewadi,4,Non-Furnished,Buy,PreOwned,19821633
Balewadi,4,Non-Furnished,Buy,PreOwned,20261552
Balewadi,4,Non-Furnished,Buy,PreOwned,20393566
Balewadi,4,Non-Furnished,Buy,PreOwned,20424908
Balewadi,4,Non-Furnished,Buy,PreOwned,19854846
Balewadi,4,Non-Furnished,Buy,PreOwned,20464284
Balewadi,4,Non-Furnished,Buy,PreOwned,20474873
Balewadi,4,Non-Furnished,Buy,PreOwned,19776067
Balewadi,4,Non-Furnished,Buy,PreOwned,20023549
Balewadi,5,Furnished,Rent,None,136762
Balewadi,5,Furnished,Rent,None,132795
Balewadi,5,Furnished,Rent,None,134183
Balewadi,5,Furnished,Rent,None,138254
Balewadi,5,Furnished,Rent,None,135141
Balewadi,5,Furnished,Rent,None,143435
Balewadi,5,Furnished,Rent,None,132286
Balewadi,5,Furnished,Rent,None,140400
Balewadi,5,Furnished,Rent,None,135552
Balewadi,5,Furnished,Rent,None,138760
Balewadi,5,Furnished,Rent,None,136542
Balewadi,5,Furnished,Rent,None,134889
Balewadi,5,Furnished,Buy,New,32729902
Balewadi,5,Furnished,Buy,New,33074657
Balewadi,5,Furnished,Buy,New,33431031
Balewadi,5,Furnished,Buy,New,32944641
Balewadi,5,Furnished,Buy,New,33373894
Balewadi,5,Furnished,Buy,New,33881284
Balewadi,5,Furnished,Buy,New,31740898
Balewadi,5,Furnished,Buy,New,31976013
Balewadi,5,Furnished,Buy,New,32394533
Balewadi,5,Furnished,Buy,New,33635612
Balewadi,5,Furnished,Buy,New,33458134
Balewadi,5,Furnished,Buy,New,32984138
Balewadi,5,Furnished,Buy,PreOwned,31277924
Balewadi,5,Furnished,Buy,PreOwned,31360769
Balewadi,5,Furnished,Buy,PreOwned,31613295
Balewadi,5,Furnished,Buy,PreOwned,31857523
Balewadi,5,Furnished,Buy,PreOwned,31498332
Balewadi,5,Furnished,Buy,PreOwned,30669592
Balewadi,5,Furnished,Buy,PreOwned,30862427
Balewadi,5,Furnished,Buy,PreOwned,31038499
Balewadi,5,Furnished,Buy,PreOwned,30830180
Balewadi,5,Furnished,Buy,PreOwned,31964103
Balewadi,5,Furnished,Buy,PreOwned,31251062
Balewadi,5,Furnished,Buy,PreOwned,30954758
Balewadi,5,Non-Furnished,Rent,None,128677
Balewadi,5,Non-Furnished,Rent,None,128353
Balewadi,5,Non-Furnished,Rent,None,132025
Balewadi,5,Non-Furnished,Rent,None,131564
Balewadi,5,Non-Furnished,Rent,None,128287
Balewadi,5,Non-Furnished,Rent,None,129361
Balewadi,5,Non-Furnished,Rent,None,132447
Balewadi,5,Non-Furnished,Rent,None,130296
Balewadi,5,Non-Furnished,Rent,None,132632
Balewadi,5,Non-Furnished,Rent,None,130038
Balewadi,5,Non-Furnished,Rent,None,132622
Balewadi,5,Non-Furnished,Rent,None,128330
Balewadi,5,Non-Furnished,Buy,New,31569624
Balewadi,5,Non-Furnished,Buy,New,32659246
Balewadi,5,Non-Furnished,Buy,New,31318812
Balewadi,5,Non-Furnished,Buy,New,32372041
Balewadi,5,Non-Furnished,Buy,New,32044280
Balewadi,5,Non-Furnished,Buy,New,31573690
Balewadi,5,Non-Furnished,Buy,New,32547954
Balewadi,5,Non-Furnished,Buy,New,32005324
Balewadi,5,Non-Furnished,Buy,New,31770685
Balewadi,5,Non-Furnished,Buy,New,32702340
Balewadi,5,Non-Furnished,Buy,New,31149678
Balewadi,5,Non-Furnished,Buy,New,32865788
Balewadi,5,Non-Furnished,Buy,PreOwned,30206054
Balewadi,5,Non-Furnished,Buy,PreOwned,30151731
Balewadi,5,Non-Furnished,Buy,PreOwned,30491934
Balewadi,5,Non-Furnished,Buy,PreOwned,30533835
Balewadi,5,Non-Furnished,Buy,PreOwned,30088027
Balewadi,5,Non-Furnished,Buy,PreOwned,29730855
Balewadi,5,Non-Furnished,Buy,PreOwned,30038292
Balewadi,5,Non-Furnished,Buy,PreOwned,30175185
Balewadi,5,Non-Furnished,Buy,PreOwned,30592583
Balewadi,5,Non-Furnished,Buy,PreOwned,30161304
Balewadi,5,Non-Furnished,Buy,PreOwned,29942828
Balewadi,5,Non-Furnished,Buy,PreOwned,30277363
Hinjewadi,1,Furnished,Rent,None,25324
Hinjewadi,1,Furnished,Rent,None,28156
Hinjewadi,1,Furnished,Rent,None,29329
Hinjewadi,1,Furnished,Rent,None,21756
Hinjewadi,1,Furnished,Rent,None,28757
Hinjewadi,1,Furnished,Rent,None,31760
Hinjewadi,1,Furnished,Rent,None,31272
Hinjewadi,1,Furnished,Rent,None,25710
Hinjewadi,1,Furnished,Rent,None,23908
Hinjewadi,1,Furnished,Rent,None,23827
Hinjewadi,1,Furnished,Rent,None,23234
Hinjewadi,1,Furnished,Rent,None,27974
Hinjewadi,1,Furnished,Buy,New,7485446
Hinjewadi,1,Furnished,Buy,New,6459260
Hinjewadi,1,Furnished,Buy,New,5297569
Hinjewadi,1,Furnished,Buy,New,7748151
Hinjewadi,1,Furnished,Buy,New,6102156
Hinjewadi,1,Furnished,Buy,New,7031508
Hinjewadi,1,Furnished,Buy,New,6658501
Hinjewadi,1,Furnished,Buy,New,7782459
Hinjewadi,1,Furnished,Buy,New,5972026
Hinjewadi,1,Furnished,Buy,New,7562721
Hinjewadi,1,Furnished,Buy,New,6727849
Hinjewadi,1,Furnished,Buy,New,6169225
Hinjewadi,1,Furnished,Buy,PreOwned,5352009
Hinjewadi,1,Furnished,Buy,PreOwned,5593888
Hinjewadi,1,Furnished,Buy,PreOwned,5392698
Hinjewadi,1,Furnished,Buy,PreOwned,4336914
Hinjewadi,1,Furnished,Buy,PreOwned,5141845
Hinjewadi,1,Furnished,Buy,PreOwned,4579884
Hinjewadi,1,Furnished,Buy,PreOwned,4554350
Hinjewadi,1,Furnished,Buy,PreOwned,5706929
Hinjewadi,1,Furnished,Buy,PreOwned,5111539
Hinjewadi,1,Furnished,Buy,PreOwned,4897900
Hinjewadi,1,Furnished,Buy,PreOwned,5232147
Hinjewadi,1,Furnished,Buy,PreOwned,5316173
Hinjewadi,1,Non-Furnished,Rent,None,20981
Hinjewadi,1,Non-Furnished,Rent,None,19964
Hinjewadi,1,Non-Furnished,Rent,None,20122
Hinjewadi,1,Non-Furnished,Rent,None,17136
Hinjewadi,1,Non-Furnished,Rent,None,18101
Hinjewadi,1,Non-Furnished,Rent,None,20700
Hinjewadi,1,Non-Furnished,Rent,None,17290
Hinjewadi,1,Non-Furnished,Rent,None,20131
Hinjewadi,1,Non-Furnished,Rent,None,19126
Hinjewadi,1,Non-Furnished,Rent,None,19995
Hinjewadi,1,Non-Furnished,Rent,None,19892
Hinjewadi,1,Non-Furnished,Rent,None,19443
Hinjewadi,1,Non-Furnished,Buy,New,5636147
Hinjewadi,1,Non-Furnished,Buy,New,5874435
Hinjewadi,1,Non-Furnished,Buy,New,5349975
Hinjewadi,1,Non-Furnished,Buy,New,6521735
Hinjewadi,1,Non-Furnished,Buy,New,6067560
Hinjewadi,1,Non-Furnished,Buy,New,5061673
Hinjewadi,1,Non-Furnished,Buy,New,6079774
Hinjewadi,1,Non-Furnished,Buy,New,6571690
Hinjewadi,1,Non-Furnished,Buy,New,5576613
Hinjewadi,1,Non-Furnished,Buy,New,5695171
Hinjewadi,1,Non-Furnished,Buy,New,5786161
Hinjewadi,1,Non-Furnished,Buy,New,6360080
Hinjewadi,1,Non-Furnished,Buy,PreOwned,3897588
Hinjewadi,1,Non-Furnished,Buy,PreOwned,4337152
Hinjewadi,1,Non-Furnished,Buy,PreOwned,3836986
Hinjewadi,1,Non-Furnished,Buy,PreOwned,4078962
Hinjewadi,1,Non-Furnished,Buy,PreOwned,3883992
Hinjewadi,1,Non-Furnished,Buy,PreOwned,4578340
Hinjewadi,1,Non-Furnished,Buy,PreOwned,3982823
Hinjewadi,1,Non-Furnished,Buy,PreOwned,3931233
Hinjewadi,1,Non-Furnished,Buy,PreOwned,3719831
Hinjewadi,1,Non-Furnished,Buy,PreOwned,4340555
Hinjewadi,1,Non-Furnished,Buy,PreOwned,4121429
Hinjewadi,1,Non-Furnished,Buy,PreOwned,4165872
Hinjewadi,2,Furnished,Rent,None,36678
Hinjewadi,2,Furnished,Rent,None,31590
Hinjewadi,2,Furnished,Rent,None,44542
Hinjewadi,2,Furnished,Rent,None,39940
Hinjewadi,2,Furnished,Rent,None,37647
Hinjewadi,2,Furnished,Rent,None,40667
Hinjewadi,2,Furnished,Rent,None,38151
Hinjewadi,2,Furnished,Rent,None,41785
Hinjewadi,2,Furnished,Rent,None,43036
Hinjewadi,2,Furnished,Rent,None,38423
Hinjewadi,2,Furnished,Rent,None,33847
Hinjewadi,2,Furnished,Rent,None,34005
Hinjewadi,2,Furnished,Buy,New,10634000
Hinjewadi,2,Furnished,Buy,New,9294604
Hinjewadi,2,Furnished,Buy,New,10248885
Hinjewadi,2,Furnished,Buy,New,9695673
Hinjewadi,2,Furnished,Buy,New,10250023
Hinjewadi,2,Furnished,Buy,New,11452895
Hinjewadi,2,Furnished,Buy,New,11032731
Hinjewadi,2,Furnished,Buy,New,10252543
Hinjewadi,2,Furnished,Buy,New,9146687
Hinjewadi,2,Furnished,Buy,New,8918732
Hinjewadi,2,Furnished,Buy,New,9783763
Hinjewadi,2,Furnished,Buy,New,9430930
Hinjewadi,2,Furnished,Buy,PreOwned,9244634
Hinjewadi,2,Furnished,Buy,PreOwned,7936673
Hinjewadi,2,Furnished,Buy,PreOwned,8279086
Hinjewadi,2,Furnished,Buy,PreOwned,8370886
Hinjewadi,2,Furnished,Buy,PreOwned,8431893
Hinjewadi,2,Furnished,Buy,PreOwned,9258019
Hinjewadi,2,Furnished,Buy,PreOwned,8589898
Hinjewadi,2,Furnished,Buy,PreOwned,8263820
Hinjewadi,2,Furnished,Buy,PreOwned,8299745
Hinjewadi,2,Furnished,Buy,PreOwned,8977553
Hinjewadi,2,Furnished,Buy,PreOwned,8628589
Hinjewadi,2,Furnished,Buy,PreOwned,8975991
Hinjewadi,2,Non-Furnished,Rent,None,29759
Hinjewadi,2,Non-Furnished,Rent,None,28312
Hinjewadi,2,Non-Furnished,Rent,None,32392
Hinjewadi,2,Non-Furnished,Rent,None,31936
Hinjewadi,2,Non-Furnished,Rent,None,30340
Hinjewadi,2,Non-Furnished,Rent,None,30026
Hinjewadi,2,Non-Furnished,Rent,None,30307
Hinjewadi,2,Non-Furnished,Rent,None,30813
Hinjewadi,2,Non-Furnished,Rent,None,29585
Hinjewadi,2,Non-Furnished,Rent,None,30676
Hinjewadi,2,Non-Furnished,Rent,None,31122
Hinjewadi,2,Non-Furnished,Rent,None,32897
Hinjewadi,2,Non-Furnished,Buy,New,9016244
Hinjewadi,2,Non-Furnished,Buy,New,9931743
Hinjewadi,2,Non-Furnished,Buy,New,8761437
Hinjewadi,2,Non-Furnished,Buy,New,8488935
Hinjewadi,2,Non-Furnished,Buy,New,8673687
Hinjewadi,2,Non-Furnished,Buy,New,9634530
Hinjewadi,2,Non-Furnished,Buy,New,10139351
Hinjewadi,2,Non-Furnished,Buy,New,9311713
Hinjewadi,2,Non-Furnished,Buy,New,8772894
Hinjewadi,2,Non-Furnished,Buy,New,8913920
Hinjewadi,2,Non-Furnished,Buy,New,9405007
Hinjewadi,2,Non-Furnished,Buy,New,9598140
Hinjewadi,2,Non-Furnished,Buy,PreOwned,7569698
Hinjewadi,2,Non-Furnished,Buy,PreOwned,7597273
Hinjewadi,2,Non-Furnished,Buy,PreOwned,7839697
Hinjewadi,2,Non-Furnished,Buy,PreOwned,7760418
Hinjewadi,2,Non-Furnished,Buy,PreOwned,7684469
Hinjewadi,2,Non-Furnished,Buy,PreOwned,7264479
Hinjewadi,2,Non-Furnished,Buy,PreOwned,7275207
Hinjewadi,2,Non-Furnished,Buy,PreOwned,7398929
Hinjewadi,2,Non-Furnished,Buy,PreOwned,7293910
Hinjewadi,2,Non-Furnished,Buy,PreOwned,7394264
Hinjewadi,2,Non-Furnished,Buy,PreOwned,7473532
Hinjewadi,2,Non-Furnished,Buy,PreOwned,7394523
Hinjewadi,3,Furnished,Rent,None,56430
Hinjewadi,3,Furnished,Rent,None,60257
Hinjewadi,3,Furnished,Rent,None,57816
Hinjewadi,3,Furnished,Rent,None,57954
Hinjewadi,3,Furnished,Rent,None,62045
Hinjewadi,3,Furnished,Rent,None,56158
Hinjewadi,3,Furnished,Rent,None,54773
Hinjewadi,3,Furnished,Rent,None,57507
Hinjewadi,3,Furnished,Rent,None,55291
Hinjewadi,3,Furnished,Rent,None,60796
Hinjewadi,3,Furnished,Rent,None,56183
Hinjewadi,3,Furnished,Rent,None,53708
Hinjewadi,3,Furnished,Buy,New,16317645
Hinjewadi,3,Furnished,Buy,New,15342877
Hinjewadi,3,Furnished,Buy,New,15299163
Hinjewadi,3,Furnished,Buy,New,15194744
Hinjewadi,3,Furnished,Buy,New,15616294
Hinjewadi,3,Furnished,Buy,New,14983834
Hinjewadi,3,Furnished,Buy,New,15133622
Hinjewadi,3,Furnished,Buy,New,15482913
Hinjewadi,3,Furnished,Buy,New,15077230
Hinjewadi,3,Furnished,Buy,New,15589702
Hinjewadi,3,Furnished,Buy,New,14472266
Hinjewadi,3,Furnished,Buy,New,15090371
Hinjewadi,3,Furnished,Buy,PreOwned,14010532
Hinjewadi,3,Furnished,Buy,PreOwned,13795570
Hinjewadi,3,Furnished,Buy,PreOwned,14378635
Hinjewadi,3,Furnished,Buy,PreOwned,14214103
Hinjewadi,3,Furnished,Buy,PreOwned,14067555
Hinjewadi,3,Furnished,Buy,PreOwned,14117223
Hinjewadi,3,Furnished,Buy,PreOwned,14207303
Hinjewadi,3,Furnished,Buy,PreOwned,14439399
Hinjewadi,3,Furnished,Buy,PreOwned,14085517
Hinjewadi,3,Furnished,Buy,PreOwned,13215097
Hinjewadi,3,Furnished,Buy,PreOwned,14279026
Hinjewadi,3,Furnished,Buy,PreOwned,14532296
Hinjewadi,3,Non-Furnished,Rent,None,50005
Hinjewadi,3,Non-Furnished,Rent,None,48195
Hinjewadi,3,Non-Furnished,Rent,None,49751
Hinjewadi,3,Non-Furnished,Rent,None,49580
Hinjewadi,3,Non-Furnished,Rent,None,52315
Hinjewadi,3,Non-Furnished,Rent,None,51278
Hinjewadi,3,Non-Furnished,Rent,None,52669
Hinjewadi,3,Non-Furnished,Rent,None,52195
Hinjewadi,3,Non-Furnished,Rent,None,48170
Hinjewadi,3,Non-Furnished,Rent,None,51185
Hinjewadi,3,Non-Furnished,Rent,None,50374
Hinjewadi,3,Non-Furnished,Rent,None,49181
Hinjewadi,3,Non-Furnished,Buy,New,16013281
Hinjewadi,3,Non-Furnished,Buy,New,15483977
Hinjewadi,3,Non-Furnished,Buy,New,14746048
Hinjewadi,3,Non-Furnished,Buy,New,14142786
Hinjewadi,3,Non-Furnished,Buy,New,14572166
Hinjewadi,3,Non-Furnished,Buy,New,14193446
Hinjewadi,3,Non-Furnished,Buy,New,15251969
Hinjewadi,3,Non-Furnished,Buy,New,14842691
Hinjewadi,3,Non-Furnished,Buy,New,14363089
Hinjewadi,3,Non-Furnished,Buy,New,13934171
Hinjewadi,3,Non-Furnished,Buy,New,15064450
Hinjewadi,3,Non-Furnished,Buy,New,14298967
Hinjewadi,3,Non-Furnished,Buy,PreOwned,13059483
Hinjewadi,3,Non-Furnished,Buy,PreOwned,13131952
Hinjewadi,3,Non-Furnished,Buy,PreOwned,12994197
Hinjewadi,3,Non-Furnished,Buy,PreOwned,13552881
Hinjewadi,3,Non-Furnished,Buy,PreOwned,13342826
Hinjewadi,3,Non-Furnished,Buy,PreOwned,13064668
Hinjewadi,3,Non-Furnished,Buy,PreOwned,13518855
Hinjewadi,3,Non-Furnished,Buy,PreOwned,13582929
Hinjewadi,3,Non-Furnished,Buy,PreOwned,13113802
Hinjewadi,3,Non-Furnished,Buy,PreOwned,13176594
Hinjewadi,3,Non-Furnished,Buy,PreOwned,13439855
Hinjewadi,3,Non-Furnished,Buy,PreOwned,13441629
Hinjewadi,4,Furnished,Rent,None,97258
Hinjewadi,4,Furnished,Rent,None,93735
Hinjewadi,4,Furnished,Rent,None,90565
Hinjewadi,4,Furnished,Rent,None,90528
Hinjewadi,4,Furnished,Rent,None,89964
Hinjewadi,4,Furnished,Rent,None,93721
Hinjewadi,4,Furnished,Rent,None,94018
Hinjewadi,4,Furnished,Rent,None,97678
Hinjewadi,4,Furnished,Rent,None,93493
Hinjewadi,4,Furnished,Rent,None,96234
Hinjewadi,4,Furnished,Rent,None,95519
Hinjewadi,4,Furnished,Rent,None,96760
Hinjewadi,4,Furnished,Buy,New,22233767
Hinjewadi,4,Furnished,Buy,New,22305071
Hinjewadi,4,Furnished,Buy,New,22635770
Hinjewadi,4,Furnished,Buy,New,23563786
Hinjewadi,4,Furnished,Buy,New,23178163
Hinjewadi,4,Furnished,Buy,New,21822863
Hinjewadi,4,Furnished,Buy,New,23330625
Hinjewadi,4,Furnished,Buy,New,23485435
Hinjewadi,4,Furnished,Buy,New,22761190
Hinjewadi,4,Furnished,Buy,New,22802616
Hinjewadi,4,Furnished,Buy,New,21399389
Hinjewadi,4,Furnished,Buy,New,21949150
Hinjewadi,4,Furnished,Buy,PreOwned,21702552
Hinjewadi,4,Furnished,Buy,PreOwned,20962808
Hinjewadi,4,Furnished,Buy,PreOwned,21574891
Hinjewadi,4,Furnished,Buy,PreOwned,21249929
Hinjewadi,4,Furnished,Buy,PreOwned,21219119
Hinjewadi,4,Furnished,Buy,PreOwned,20783894
Hinjewadi,4,Furnished,Buy,PreOwned,20872849
Hinjewadi,4,Furnished,Buy,PreOwned,20884277
Hinjewadi,4,Furnished,Buy,PreOwned,21121712
Hinjewadi,4,Furnished,Buy,PreOwned,20288440
Hinjewadi,4,Furnished,Buy,PreOwned,20857375
Hinjewadi,4,Furnished,Buy,PreOwned,21694662
Hinjewadi,4,Non-Furnished,Rent,None,83464
Hinjewadi,4,Non-Furnished,Rent,None,86447
Hinjewadi,4,Non-Furnished,Rent,None,83465
Hinjewadi,4,Non-Furnished,Rent,None,85821
Hinjewadi,4,Non-Furnished,Rent,None,85617
Hinjewadi,4,Non-Furnished,Rent,None,83091
Hinjewadi,4,Non-Furnished,Rent,None,83388
Hinjewadi,4,Non-Furnished,Rent,None,84939
Hinjewadi,4,Non-Furnished,Rent,None,83995
Hinjewadi,4,Non-Furnished,Rent,None,86770
Hinjewadi,4,Non-Furnished,Rent,None,84344
Hinjewadi,4,Non-Furnished,Rent,None,83122
Hinjewadi,4,Non-Furnished,Buy,New,20818994
Hinjewadi,4,Non-Furnished,Buy,New,22679149
Hinjewadi,4,Non-Furnished,Buy,New,21556268
Hinjewadi,4,Non-Furnished,Buy,New,22100574
Hinjewadi,4,Non-Furnished,Buy,New,21340897
Hinjewadi,4,Non-Furnished,Buy,New,22028152
Hinjewadi,4,Non-Furnished,Buy,New,20940055
Hinjewadi,4,Non-Furnished,Buy,New,21065244
Hinjewadi,4,Non-Furnished,Buy,New,21476199
Hinjewadi,4,Non-Furnished,Buy,New,20761942
Hinjewadi,4,Non-Furnished,Buy,New,22538041
Hinjewadi,4,Non-Furnished,Buy,New,22379941
Hinjewadi,4,Non-Furnished,Buy,PreOwned,20068944
Hinjewadi,4,Non-Furnished,Buy,PreOwned,19886884
Hinjewadi,4,Non-Furnished,Buy,PreOwned,19716970
Hinjewadi,4,Non-Furnished,Buy,PreOwned,19760392
Hinjewadi,4,Non-Furnished,Buy,PreOwned,20213510
Hinjewadi,4,Non-Furnished,Buy,PreOwned,20018470
Hinjewadi,4,Non-Furnished,Buy,PreOwned,20363970
Hinjewadi,4,Non-Furnished,Buy,PreOwned,20498692
Hinjewadi,4,Non-Furnished,Buy,PreOwned,20458976
Hinjewadi,4,Non-Furnished,Buy,PreOwned,20586005
Hinjewadi,4,Non-Furnished,Buy,PreOwned,19783014
Hinjewadi,4,Non-Furnished,Buy,PreOwned,19866426
Hinjewadi,5,Furnished,Rent,None,136709
Hinjewadi,5,Furnished,Rent,None,141089
Hinjewadi,5,Furnished,Rent,None,139832
Hinjewadi,5,Furnished,Rent,None,133712
Hinjewadi,5,Furnished,Rent,None,134942
Hinjewadi,5,Furnished,Rent,None,137158
Hinjewadi,5,Furnished,Rent,None,134542
Hinjewadi,5,Furnished,Rent,None,136488
Hinjewadi,5,Furnished,Rent,None,135450
Hinjewadi,5,Furnished,Rent,None,133600
Hinjewadi,5,Furnished,Rent,None,136365
Hinjewadi,5,Furnished,Rent,None,132903
Hinjewadi,5,Furnished,Buy,New,31849419
Hinjewadi,5,Furnished,Buy,New,32892185
Hinjewadi,5,Furnished,Buy,New,31738385
Hinjewadi,5,Furnished,Buy,New,32348953
Hinjewadi,5,Furnished,Buy,New,32670587
Hinjewadi,5,Furnished,Buy,New,31885093
Hinjewadi,5,Furnished,Buy,New,33643551
Hinjewadi,5,Furnished,Buy,New,33315788
Hinjewadi,5,Furnished,Buy,New,32613068
Hinjewadi,5,Furnished,Buy,New,33566518
Hinjewadi,5,Furnished,Buy,New,32180514
Hinjewadi,5,Furnished,Buy,New,33161250
Hinjewadi,5,Furnished,Buy,PreOwned,31138596
Hinjewadi,5,Furnished,Buy,PreOwned,31808988
Hinjewadi,5,Furnished,Buy,PreOwned,31255003
Hinjewadi,5,Furnished,Buy,PreOwned,31405413
Hinjewadi,5,Furnished,Buy,PreOwned,31360639
Hinjewadi,5,Furnished,Buy,PreOwned,30753958
Hinjewadi,5,Furnished,Buy,PreOwned,31078675
Hinjewadi,5,Furnished,Buy,PreOwned,31352649
Hinjewadi,5,Furnished,Buy,PreOwned,30903955
Hinjewadi,5,Furnished,Buy,PreOwned,31612061
Hinjewadi,5,Furnished,Buy,PreOwned,30628834
Hinjewadi,5,Furnished,Buy,PreOwned,31363661
Hinjewadi,5,Non-Furnished,Rent,None,129662
Hinjewadi,5,Non-Furnished,Rent,None,129250
Hinjewadi,5,Non-Furnished,Rent,None,128885
Hinjewadi,5,Non-Furnished,Rent,None,130975
Hinjewadi,5,Non-Furnished,Rent,None,129077
Hinjewadi,5,Non-Furnished,Rent,None,132482
Hinjewadi,5,Non-Furnished,Rent,None,129212
Hinjewadi,5,Non-Furnished,Rent,None,131795
Hinjewadi,5,Non-Furnished,Rent,None,131157
Hinjewadi,5,Non-Furnished,Rent,None,130952
Hinjewadi,5,Non-Furnished,Rent,None,128073
Hinjewadi,5,Non-Furnished,Rent,None,132473
Hinjewadi,5,Non-Furnished,Buy,New,31406669
Hinjewadi,5,Non-Furnished,Buy,New,32057932
Hinjewadi,5,Non-Furnished,Buy,New,31742736
Hinjewadi,5,Non-Furnished,Buy,New,31462873
Hinjewadi,5,Non-Furnished,Buy,New,31282537
Hinjewadi,5,Non-Furnished,Buy,New,32534609
Hinjewadi,5,Non-Furnished,Buy,New,31054638
Hinjewadi,5,Non-Furnished,Buy,New,32845171
Hinjewadi,5,Non-Furnished,Buy,New,32219676
Hinjewadi,5,Non-Furnished,Buy,New,32179584
Hinjewadi,5,Non-Furnished,Buy,New,31651929
Hinjewadi,5,Non-Furnished,Buy,New,32127174
Hinjewadi,5,Non-Furnished,Buy,PreOwned,30319151
Hinjewadi,5,Non-Furnished,Buy,PreOwned,30546764
Hinjewadi,5,Non-Furnished,Buy,PreOwned,30378803
Hinjewadi,5,Non-Furnished,Buy,PreOwned,29833076
Hinjewadi,5,Non-Furnished,Buy,PreOwned,30049281
Hinjewadi,5,Non-Furnished,Buy,PreOwned,30030038
Hinjewadi,5,Non-Furnished,Buy,PreOwned,30034630
Hinjewadi,5,Non-Furnished,Buy,PreOwned,29747874
Hinjewadi,5,Non-Furnished,Buy,PreOwned,29769315
Hinjewadi,5,Non-Furnished,Buy,PreOwned,30005138
Hinjewadi,5,Non-Furnished,Buy,PreOwned,30157761
Hinjewadi,5,Non-Furnished,Buy,PreOwned,29950399
Pimpri,1,Furnished,Rent,None,21376
Pimpri,1,Furnished,Rent,None,21990
Pimpri,1,Furnished,Rent,None,19616
Pimpri,1,Furnished,Rent,None,23052
Pimpri,1,Furnished,Rent,None,19844
Pimpri,1,Furnished,Rent,None,27673
Pimpri,1,Furnished,Rent,None,23555
Pimpri,1,Furnished,Rent,None,30060
Pimpri,1,Furnished,Rent,None,28560
Pimpri,1,Furnished,Rent,None,23458
Pimpri,1,Furnished,Rent,None,22878
Pimpri,1,Furnished,Rent,None,26755
Pimpri,1,Furnished,Buy,New,6649248
Pimpri,1,Furnished,Buy,New,6257571
Pimpri,1,Furnished,Buy,New,6308811
Pimpri,1,Furnished,Buy,New,5957991
Pimpri,1,Furnished,Buy,New,7326659
Pimpri,1,Furnished,Buy,New,7121995
Pimpri,1,Furnished,Buy,New,7246513
Pimpri,1,Furnished,Buy,New,5349060
Pimpri,1,Furnished,Buy,New,7668396
Pimpri,1,Furnished,Buy,New,6399233
Pimpri,1,Furnished,Buy,New,6540129
Pimpri,1,Furnished,Buy,New,7406918
Pimpri,1,Furnished,Buy,PreOwned,5607700
Pimpri,1,Furnished,Buy,PreOwned,5244597
Pimpri,1,Furnished,Buy,PreOwned,5146104
Pimpri,1,Furnished,Buy,PreOwned,5310009
Pimpri,1,Furnished,Buy,PreOwned,5461892
Pimpri,1,Furnished,Buy,PreOwned,4964655
Pimpri,1,Furnished,Buy,PreOwned,5026183
Pimpri,1,Furnished,Buy,PreOwned,4793229
Pimpri,1,Furnished,Buy,PreOwned,5628992
Pimpri,1,Furnished,Buy,PreOwned,4902571
Pimpri,1,Furnished,Buy,PreOwned,4858563
Pimpri,1,Furnished,Buy,PreOwned,4812497
Pimpri,1,Non-Furnished,Rent,None,19077
Pimpri,1,Non-Furnished,Rent,None,18361
Pimpri,1,Non-Furnished,Rent,None,20685
Pimpri,1,Non-Furnished,Rent,None,17143
Pimpri,1,Non-Furnished,Rent,None,18101
Pimpri,1,Non-Furnished,Rent,None,18084
Pimpri,1,Non-Furnished,Rent,None,16769
Pimpri,1,Non-Furnished,Rent,None,16824
Pimpri,1,Non-Furnished,Rent,None,17853
Pimpri,1,Non-Furnished,Rent,None,16552
Pimpri,1,Non-Furnished,Rent,None,20482
Pimpri,1,Non-Furnished,Rent,None,16728
Pimpri,1,Non-Furnished,Buy,New,5169507
Pimpri,1,Non-Furnished,Buy,New,6071145
Pimpri,1,Non-Furnished,Buy,New,4937942
Pimpri,1,Non-Furnished,Buy,New,5878811
Pimpri,1,Non-Furnished,Buy,New,5202151
Pimpri,1,Non-Furnished,Buy,New,5381556
Pimpri,1,Non-Furnished,Buy,New,5911805
Pimpri,1,Non-Furnished,Buy,New,6287074
Pimpri,1,Non-Furnished,Buy,New,4540282
Pimpri,1,Non-Furnished,Buy,New,5933207
Pimpri,1,Non-Furnished,Buy,New,5601890
Pimpri,1,Non-Furnished,Buy,New,5273523
Pimpri,1,Non-Furnished,Buy,PreOwned,4310931
Pimpri,1,Non-Furnished,Buy,PreOwned,4285415
Pimpri,1,Non-Furnished,Buy,PreOwned,3907943
Pimpri,1,Non-Furnished,Buy,PreOwned,4058735
Pimpri,1,Non-Furnished,Buy,PreOwned,4150315
Pimpri,1,Non-Furnished,Buy,PreOwned,4307732
Pimpri,1,Non-Furnished,Buy,PreOwned,4504614
Pimpri,1,Non-Furnished,Buy,PreOwned,3747725
Pimpri,1,Non-Furnished,Buy,PreOwned,3830482
Pimpri,1,Non-Furnished,Buy,PreOwned,3940973
Pimpri,1,Non-Furnished,Buy,PreOwned,4231368
Pimpri,1,Non-Furnished,Buy,PreOwned,4047798
Pimpri,2,Furnished,Rent,None,37860
Pimpri,2,Furnished,Rent,None,38992
Pimpri,2,Furnished,Rent,None,37894
Pimpri,2,Furnished,Rent,None,42496
Pimpri,2,Furnished,Rent,None,33980
Pimpri,2,Furnished,Rent,None,33323
Pimpri,2,Furnished,Rent,None,36158
Pimpri,2,Furnished,Rent,None,37517
Pimpri,2,Furnished,Rent,None,40016
Pimpri,2,Furnished,Rent,None,39028
Pimpri,2,Furnished,Rent,None,39944
Pimpri,2,Furnished,Rent,None,33993
Pimpri,2,Furnished,Buy,New,10847505
Pimpri,2,Furnished,Buy,New,11401407
Pimpri,2,Furnished,Buy,New,10009752
Pimpri,2,Furnished,Buy,New,10089107
Pimpri,2,Furnished,Buy,New,9002231
Pimpri,2,Furnished,Buy,New,10310295
Pimpri,2,Furnished,Buy,New,10328759
Pimpri,2,Furnished,Buy,New,10381836
Pimpri,2,Furnished,Buy,New,9174305
Pimpri,2,Furnished,Buy,New,10396668
Pimpri,2,Furnished,Buy,New,9540500
Pimpri,2,Furnished,Buy,New,9809121
Pimpri,2,Furnished,Buy,PreOwned,8045211
Pimpri,2,Furnished,Buy,PreOwned,7778060
Pimpri,2,Furnished,Buy,PreOwned,8708419
Pimpri,2,Furnished,Buy,PreOwned,8072186
Pimpri,2,Furnished,Buy,PreOwned,8458810
Pimpri,2,Furnished,Buy,PreOwned,8786836
Pimpri,2,Furnished,Buy,PreOwned,8706467
Pimpri,2,Furnished,Buy,PreOwned,8690510
Pimpri,2,Furnished,Buy,PreOwned,8743679
Pimpri,2,Furnished,Buy,PreOwned,8824161
Pimpri,2,Furnished,Buy,PreOwned,7966111
Pimpri,2,Furnished,Buy,PreOwned,8516880
Pimpri,2,Non-Furnished,Rent,None,32142
Pimpri,2,Non-Furnished,Rent,None,32396
Pimpri,2,Non-Furnished,Rent,None,29066
Pimpri,2,Non-Furnished,Rent,None,29806
Pimpri,2,Non-Furnished,Rent,None,31596
Pimpri,2,Non-Furnished,Rent,None,32269
Pimpri,2,Non-Furnished,Rent,None,31622
Pimpri,2,Non-Furnished,Rent,None,30025
Pimpri,2,Non-Furnished,Rent,None,31533
Pimpri,2,Non-Furnished,Rent,None,29139
Pimpri,2,Non-Furnished,Rent,None,28151
Pimpri,2,Non-Furnished,Rent,None,32377
Pimpri,2,Non-Furnished,Buy,New,10392617
Pimpri,2,Non-Furnished,Buy,New,10146235
Pimpri,2,Non-Furnished,Buy,New,9245869
Pimpri,2,Non-Furnished,Buy,New,8641987
Pimpri,2,Non-Furnished,Buy,New,8628562
Pimpri,2,Non-Furnished,Buy,New,9169392
Pimpri,2,Non-Furnished,Buy,New,9928910
Pimpri,2,Non-Furnished,Buy,New,8873603
Pimpri,2,Non-Furnished,Buy,New,9233246
Pimpri,2,Non-Furnished,Buy,New,8702615
Pimpri,2,Non-Furnished,Buy,New,8944321
Pimpri,2,Non-Furnished,Buy,New,8773835
Pimpri,2,Non-Furnished,Buy,PreOwned,7758665
Pimpri,2,Non-Furnished,Buy,PreOwned,7930952
Pimpri,2,Non-Furnished,Buy,PreOwned,7835655
Pimpri,2,Non-Furnished,Buy,PreOwned,7316813
Pimpri,2,Non-Furnished,Buy,PreOwned,7366794
Pimpri,2,Non-Furnished,Buy,PreOwned,7529478
Pimpri,2,Non-Furnished,Buy,PreOwned,7950715
Pimpri,2,Non-Furnished,Buy,PreOwned,8064184
Pimpri,2,Non-Furnished,Buy,PreOwned,7838615
Pimpri,2,Non-Furnished,Buy,PreOwned,7327380
Pimpri,2,Non-Furnished,Buy,PreOwned,7708899
Pimpri,2,Non-Furnished,Buy,PreOwned,8059095
Pimpri,3,Furnished,Rent,None,56485
Pimpri,3,Furnished,Rent,None,56311
Pimpri,3,Furnished,Rent,None,58334
Pimpri,3,Furnished,Rent,None,54170
Pimpri,3,Furnished,Rent,None,55670
Pimpri,3,Furnished,Rent,None,63537
Pimpri,3,Furnished,Rent,None,56439
Pimpri,3,Furnished,Rent,None,60346
Pimpri,3,Furnished,Rent,None,58530
Pimpri,3,Furnished,Rent,None,55451
Pimpri,3,Furnished,Rent,None,57100
Pimpri,3,Furnished,Rent,None,54489
Pimpri,3,Furnished,Buy,New,16222868
Pimpri,3,Furnished,Buy,New,15143275
Pimpri,3,Furnished,Buy,New,15855261
Pimpri,3,Furnished,Buy,New,15626292
Pimpri,3,Furnished,Buy,New,15665051
Pimpri,3,Furnished,Buy,New,14768209
Pimpri,3,Furnished,Buy,New,14386952
Pimpri,3,Furnished,Buy,New,15771444
Pimpri,3,Furnished,Buy,New,16043658
Pimpri,3,Furnished,Buy,New,16388955
Pimpri,3,Furnished,Buy,New,15626064
Pimpri,3,Furnished,Buy,New,15622577
Pimpri,3,Furnished,Buy,PreOwned,13628386
Pimpri,3,Furnished,Buy,PreOwned,13898743
Pimpri,3,Furnished,Buy,PreOwned,14582449
Pimpri,3,Furnished,Buy,PreOwned,14312423
Pimpri,3,Furnished,Buy,PreOwned,14941310
Pimpri,3,Furnished,Buy,PreOwned,14655010
Pimpri,3,Furnished,Buy,PreOwned,14302645
Pimpri,3,Furnished,Buy,PreOwned,14502728
Pimpri,3,Furnished,Buy,PreOwned,13763347
Pimpri,3,Furnished,Buy,PreOwned,14273518
Pimpri,3,Furnished,Buy,PreOwned,13757446
Pimpri,3,Furnished,Buy,PreOwned,14336681
Pimpri,3,Non-Furnished,Rent,None,51151
Pimpri,3,Non-Furnished,Rent,None,49156
Pimpri,3,Non-Furnished,Rent,None,51598
Pimpri,3,Non-Furnished,Rent,None,51406
Pimpri,3,Non-Furnished,Rent,None,52763
Pimpri,3,Non-Furnished,Rent,None,52736
Pimpri,3,Non-Furnished,Rent,None,49349
Pimpri,3,Non-Furnished,Rent,None,50219
Pimpri,3,Non-Furnished,Rent,None,51559
Pimpri,3,Non-Furnished,Rent,None,48029
Pimpri,3,Non-Furnished,Rent,None,48994
Pimpri,3,Non-Furnished,Rent,None,51855
Pimpri,3,Non-Furnished,Buy,New,14213474
Pimpri,3,Non-Furnished,Buy,New,15268491
Pimpri,3,Non-Furnished,Buy,New,14445379
Pimpri,3,Non-Furnished,Buy,New,14290141
Pimpri,3,Non-Furnished,Buy,New,14399315
Pimpri,3,Non-Furnished,Buy,New,14718163
Pimpri,3,Non-Furnished,Buy,New,15507081
Pimpri,3,Non-Furnished,Buy,New,14064956
Pimpri,3,Non-Furnished,Buy,New,14878204
Pimpri,3,Non-Furnished,Buy,New,14606356
Pimpri,3,Non-Furnished,Buy,New,13748413
Pimpri,3,Non-Furnished,Buy,New,14490871
Pimpri,3,Non-Furnished,Buy,PreOwned,13209121
Pimpri,3,Non-Furnished,Buy,PreOwned,13577727
Pimpri,3,Non-Furnished,Buy,PreOwned,13086139
Pimpri,3,Non-Furnished,Buy,PreOwned,13553186
Pimpri,3,Non-Furnished,Buy,PreOwned,13210545
Pimpri,3,Non-Furnished,Buy,PreOwned,13110648
Pimpri,3,Non-Furnished,Buy,PreOwned,13263699
Pimpri,3,Non-Furnished,Buy,PreOwned,13555868
Pimpri,3,Non-Furnished,Buy,PreOwned,13561689
Pimpri,3,Non-Furnished,Buy,PreOwned,12840534
Pimpri,3,Non-Furnished,Buy,PreOwned,13578981
Pimpri,3,Non-Furnished,Buy,PreOwned,13530884
Pimpri,4,Furnished,Rent,None,95665
Pimpri,4,Furnished,Rent,None,86373
Pimpri,4,Furnished,Rent,None,95998
Pimpri,4,Furnished,Rent,None,93025
Pimpri,4,Furnished,Rent,None,92865
Pimpri,4,Furnished,Rent,None,95504
Pimpri,4,Furnished,Rent,None,98088
Pimpri,4,Furnished,Rent,None,88584
Pimpri,4,Furnished,Rent,None,94413
Pimpri,4,Furnished,Rent,None,92588
Pimpri,4,Furnished,Rent,None,90796
Pimpri,4,Furnished,Rent,None,97828
Pimpri,4,Furnished,Buy,New,22185718
Pimpri,4,Furnished,Buy,New,22946336
Pimpri,4,Furnished,Buy,New,21638152
Pimpri,4,Furnished,Buy,New,22340067
Pimpri,4,Furnished,Buy,New,22351169
Pimpri,4,Furnished,Buy,New,23684030
Pimpri,4,Furnished,Buy,New,21844568
Pimpri,4,Furnished,Buy,New,22481372
Pimpri,4,Furnished,Buy,New,22347619
Pimpri,4,Furnished,Buy,New,21572581
Pimpri,4,Furnished,Buy,New,21888996
Pimpri,4,Furnished,Buy,New,22271980
Pimpri,4,Furnished,Buy,PreOwned,21529827
Pimpri,4,Furnished,Buy,PreOwned,20945227
Pimpri,4,Furnished,Buy,PreOwned,21487061
Pimpri,4,Furnished,Buy,PreOwned,20403769
Pimpri,4,Furnished,Buy,PreOwned,20934913
Pimpri,4,Furnished,Buy,PreOwned,21402755
Pimpri,4,Furnished,Buy,PreOwned,21461897
Pimpri,4,Furnished,Buy,PreOwned,20832211
Pimpri,4,Furnished,Buy,PreOwned,21090009
Pimpri,4,Furnished,Buy,PreOwned,21216265
Pimpri,4,Furnished,Buy,PreOwned,21097884
Pimpri,4,Furnished,Buy,PreOwned,20921039
Pimpri,4,Non-Furnished,Rent,None,86709
Pimpri,4,Non-Furnished,Rent,None,87191
Pimpri,4,Non-Furnished,Rent,None,84821
Pimpri,4,Non-Furnished,Rent,None,86573
Pimpri,4,Non-Furnished,Rent,None,83306
Pimpri,4,Non-Furnished,Rent,None,85207
Pimpri,4,Non-Furnished,Rent,None,86282
Pimpri,4,Non-Furnished,Rent,None,85666
Pimpri,4,Non-Furnished,Rent,None,83163
Pimpri,4,Non-Furnished,Rent,None,84730
Pimpri,4,Non-Furnished,Rent,None,83990
Pimpri,4,Non-Furnished,Rent,None,85311
Pimpri,4,Non-Furnished,Buy,New,22156340
Pimpri,4,Non-Furnished,Buy,New,21678429
Pimpri,4,Non-Furnished,Buy,New,20725221
Pimpri,4,Non-Furnished,Buy,New,22838397
Pimpri,4,Non-Furnished,Buy,New,21607994
Pimpri,4,Non-Furnished,Buy,New,21511271
Pimpri,4,Non-Furnished,Buy,New,21051462
Pimpri,4,Non-Furnished,Buy,New,21546239
Pimpri,4,Non-Furnished,Buy,New,21804011
Pimpri,4,Non-Furnished,Buy,New,21828153
Pimpri,4,Non-Furnished,Buy,New,22079975
Pimpri,4,Non-Furnished,Buy,New,22406759
Pimpri,4,Non-Furnished,Buy,PreOwned,19984852
Pimpri,4,Non-Furnished,Buy,PreOwned,20196759
Pimpri,4,Non-Furnished,Buy,PreOwned,20486717
Pimpri,4,Non-Furnished,Buy,PreOwned,20555283
Pimpri,4,Non-Furnished,Buy,PreOwned,20401931
Pimpri,4,Non-Furnished,Buy,PreOwned,20206178
Pimpri,4,Non-Furnished,Buy,PreOwned,19856087
Pimpri,4,Non-Furnished,Buy,PreOwned,20114132
Pimpri,4,Non-Furnished,Buy,PreOwned,20243193
Pimpri,4,Non-Furnished,Buy,PreOwned,20160550
Pimpri,4,Non-Furnished,Buy,PreOwned,20116254
Pimpri,4,Non-Furnished,Buy,PreOwned,20416849
Pimpri,5,Furnished,Rent,None,141091
Pimpri,5,Furnished,Rent,None,139628
Pimpri,5,Furnished,Rent,None,136499
Pimpri,5,Furnished,Rent,None,136323
Pimpri,5,Furnished,Rent,None,138833
Pimpri,5,Furnished,Rent,None,132036
Pimpri,5,Furnished,Rent,None,135306
Pimpri,5,Furnished,Rent,None,137222
Pimpri,5,Furnished,Rent,None,139403
Pimpri,5,Furnished,Rent,None,140183
Pimpri,5,Furnished,Rent,None,136546
Pimpri,5,Furnished,Rent,None,136339
Pimpri,5,Furnished,Buy,New,33060138
Pimpri,5,Furnished,Buy,New,34230670
Pimpri,5,Furnished,Buy,New,33711681
Pimpri,5,Furnished,Buy,New,32739609
Pimpri,5,Furnished,Buy,New,32506219
Pimpri,5,Furnished,Buy,New,32304956
Pimpri,5,Furnished,Buy,New,31859057
Pimpri,5,Furnished,Buy,New,32047932
Pimpri,5,Furnished,Buy,New,32197897
Pimpri,5,Furnished,Buy,New,31939410
Pimpri,5,Furnished,Buy,New,33512479
Pimpri,5,Furnished,Buy,New,31757428
Pimpri,5,Furnished,Buy,PreOwned,31746267
Pimpri,5,Furnished,Buy,PreOwned,31305830
Pimpri,5,Furnished,Buy,PreOwned,31657457
Pimpri,5,Furnished,Buy,PreOwned,30393569
Pimpri,5,Furnished,Buy,PreOwned,30687093
Pimpri,5,Furnished,Buy,PreOwned,32008965
Pimpri,5,Furnished,Buy,PreOwned,30854474
Pimpri,5,Furnished,Buy,PreOwned,31178668
Pimpri,5,Furnished,Buy,PreOwned,30170201
Pimpri,5,Furnished,Buy,PreOwned,31714264
Pimpri,5,Furnished,Buy,PreOwned,31243350
Pimpri,5,Furnished,Buy,PreOwned,31021311
Pimpri,5,Non-Furnished,Rent,None,131658
Pimpri,5,Non-Furnished,Rent,None,128743
Pimpri,5,Non-Furnished,Rent,None,132126
Pimpri,5,Non-Furnished,Rent,None,130465
Pimpri,5,Non-Furnished,Rent,None,131472
Pimpri,5,Non-Furnished,Rent,None,132965
Pimpri,5,Non-Furnished,Rent,None,128707
Pimpri,5,Non-Furnished,Rent,None,128499
Pimpri,5,Non-Furnished,Rent,None,131647
Pimpri,5,Non-Furnished,Rent,None,128145
Pimpri,5,Non-Furnished,Rent,None,131085
Pimpri,5,Non-Furnished,Rent,None,129606
Pimpri,5,Non-Furnished,Buy,New,31570029
Pimpri,5,Non-Furnished,Buy,New,30711582
Pimpri,5,Non-Furnished,Buy,New,31505943
Pimpri,5,Non-Furnished,Buy,New,32086105
Pimpri,5,Non-Furnished,Buy,New,32151431
Pimpri,5,Non-Furnished,Buy,New,31467216
Pimpri,5,Non-Furnished,Buy,New,31321309
Pimpri,5,Non-Furnished,Buy,New,30698207
Pimpri,5,Non-Furnished,Buy,New,32154806
Pimpri,5,Non-Furnished,Buy,New,32022072
Pimpri,5,Non-Furnished,Buy,New,31264139
Pimpri,5,Non-Furnished,Buy,New,31630638
Pimpri,5,Non-Furnished,Buy,PreOwned,29735482
Pimpri,5,Non-Furnished,Buy,PreOwned,30003593
Pimpri,5,Non-Furnished,Buy,PreOwned,30492114
Pimpri,5,Non-Furnished,Buy,PreOwned,30211379
Pimpri,5,Non-Furnished,Buy,PreOwned,29959696
Pimpri,5,Non-Furnished,Buy,PreOwned,30466257
Pimpri,5,Non-Furnished,Buy,PreOwned,30304393
Pimpri,5,Non-Furnished,Buy,PreOwned,30560773
Pimpri,5,Non-Furnished,Buy,PreOwned,29967829
Pimpri,5,Non-Furnished,Buy,PreOwned,29980454
Pimpri,5,Non-Furnished,Buy,PreOwned,29774543
Pimpri,5,Non-Furnished,Buy,PreOwned,30178056
Yerwada,1,Furnished,Rent,None,21692
Yerwada,1,Furnished,Rent,None,22976
Yerwada,1,Furnished,Rent,None,27560
Yerwada,1,Furnished,Rent,None,23587
Yerwada,1,Furnished,Rent,None,20761
Yerwada,1,Furnished,Rent,None,25829
Yerwada,1,Furnished,Rent,None,26413
Yerwada,1,Furnished,Rent,None,23336
Yerwada,1,Furnished,Rent,None,24107
Yerwada,1,Furnished,Rent,None,19825
Yerwada,1,Furnished,Rent,None,29503
Yerwada,1,Furnished,Rent,None,30393
Yerwada,1,Furnished,Buy,New,8306512
Yerwada,1,Furnished,Buy,New,6252829
Yerwada,1,Furnished,Buy,New,5570923
Yerwada,1,Furnished,Buy,New,6659854
Yerwada,1,Furnished,Buy,New,5997449
Yerwada,1,Furnished,Buy,New,6782555
Yerwada,1,Furnished,Buy,New,7283007
Yerwada,1,Furnished,Buy,New,6591757
Yerwada,1,Furnished,Buy,New,7025814
Yerwada,1,Furnished,Buy,New,6476131
Yerwada,1,Furnished,Buy,New,6815844
Yerwada,1,Furnished,Buy,New,7364915
Yerwada,1,Furnished,Buy,PreOwned,4850579
Yerwada,1,Furnished,Buy,PreOwned,5206128
Yerwada,1,Furnished,Buy,PreOwned,5053450
Yerwada,1,Furnished,Buy,PreOwned,5506105
Yerwada,1,Furnished,Buy,PreOwned,5997269
Yerwada,1,Furnished,Buy,PreOwned,5785277
Yerwada,1,Furnished,Buy,PreOwned,5614941
Yerwada,1,Furnished,Buy,PreOwned,5733382
Yerwada,1,Furnished,Buy,PreOwned,5153161
Yerwada,1,Furnished,Buy,PreOwned,5848875
Yerwada,1,Furnished,Buy,PreOwned,5567968
Yerwada,1,Furnished,Buy,PreOwned,5214226
Yerwada,1,Non-Furnished,Rent,None,16845
Yerwada,1,Non-Furnished,Rent,None,17285
Yerwada,1,Non-Furnished,Rent,None,20700
Yerwada,1,Non-Furnished,Rent,None,20142
Yerwada,1,Non-Furnished,Rent,None,18378
Yerwada,1,Non-Furnished,Rent,None,20907
Yerwada,1,Non-Furnished,Rent,None,20135
Yerwada,1,Non-Furnished,Rent,None,20796
Yerwada,1,Non-Furnished,Rent,None,18784
Yerwada,1,Non-Furnished,Rent,None,17139
Yerwada,1,Non-Furnished,Rent,None,19674
Yerwada,1,Non-Furnished,Rent,None,16022
Yerwada,1,Non-Furnished,Buy,New,5123952
Yerwada,1,Non-Furnished,Buy,New,7043515
Yerwada,1,Non-Furnished,Buy,New,5617140
Yerwada,1,Non-Furnished,Buy,New,4896188
Yerwada,1,Non-Furnished,Buy,New,6006921
Yerwada,1,Non-Furnished,Buy,New,5459775
Yerwada,1,Non-Furnished,Buy,New,5151099
Yerwada,1,Non-Furnished,Buy,New,5529214
Yerwada,1,Non-Furnished,Buy,New,5286555
Yerwada,1,Non-Furnished,Buy,New,5768055
Yerwada,1,Non-Furnished,Buy,New,5169957
Yerwada,1,Non-Furnished,Buy,New,6080775
Yerwada,1,Non-Furnished,Buy,PreOwned,4043303
Yerwada,1,Non-Furnished,Buy,PreOwned,4569761
Yerwada,1,Non-Furnished,Buy,PreOwned,4437775
Yerwada,1,Non-Furnished,Buy,PreOwned,4223244
Yerwada,1,Non-Furnished,Buy,PreOwned,4067318
Yerwada,1,Non-Furnished,Buy,PreOwned,4115021
Yerwada,1,Non-Furnished,Buy,PreOwned,3738678
Yerwada,1,Non-Furnished,Buy,PreOwned,4449722
Yerwada,1,Non-Furnished,Buy,PreOwned,4491527
Yerwada,1,Non-Furnished,Buy,PreOwned,3908848
Yerwada,1,Non-Furnished,Buy,PreOwned,4374349
Yerwada,1,Non-Furnished,Buy,PreOwned,4288711
Yerwada,2,Furnished,Rent,None,40344
Yerwada,2,Furnished,Rent,None,36072
Yerwada,2,Furnished,Rent,None,38162
Yerwada,2,Furnished,Rent,None,41112
Yerwada,2,Furnished,Rent,None,33530
Yerwada,2,Furnished,Rent,None,36017
Yerwada,2,Furnished,Rent,None,34458
Yerwada,2,Furnished,Rent,None,33725
Yerwada,2,Furnished,Rent,None,37471
Yerwada,2,Furnished,Rent,None,40933
Yerwada,2,Furnished,Rent,None,34629
Yerwada,2,Furnished,Rent,None,35200
Yerwada,2,Furnished,Buy,New,10460022
Yerwada,2,Furnished,Buy,New,11836822
Yerwada,2,Furnished,Buy,New,10765330
Yerwada,2,Furnished,Buy,New,10065108
Yerwada,2,Furnished,Buy,New,10172571
Yerwada,2,Furnished,Buy,New,9912808
Yerwada,2,Furnished,Buy,New,9985794
Yerwada,2,Furnished,Buy,New,9444603
Yerwada,2,Furnished,Buy,New,10687674
Yerwada,2,Furnished,Buy,New,10422123
Yerwada,2,Furnished,Buy,New,10144828
Yerwada,2,Furnished,Buy,New,9189736
Yerwada,2,Furnished,Buy,PreOwned,8872217
Yerwada,2,Furnished,Buy,PreOwned,8918731
Yerwada,2,Furnished,Buy,PreOwned,9049120
Yerwada,2,Furnished,Buy,PreOwned,8395194
Yerwada,2,Furnished,Buy,PreOwned,8754729
Yerwada,2,Furnished,Buy,PreOwned,8302366
Yerwada,2,Furnished,Buy,PreOwned,8420650
Yerwada,2,Furnished,Buy,PreOwned,9111455
Yerwada,2,Furnished,Buy,PreOwned,8824798
Yerwada,2,Furnished,Buy,PreOwned,8885847
Yerwada,2,Furnished,Buy,PreOwned,8741575
Yerwada,2,Furnished,Buy,PreOwned,8737267
Yerwada,2,Non-Furnished,Rent,None,28001
Yerwada,2,Non-Furnished,Rent,None,30166
Yerwada,2,Non-Furnished,Rent,None,30736
Yerwada,2,Non-Furnished,Rent,None,31049
Yerwada,2,Non-Furnished,Rent,None,30299
Yerwada,2,Non-Furnished,Rent,None,28381
Yerwada,2,Non-Furnished,Rent,None,30650
Yerwada,2,Non-Furnished,Rent,None,32633
Yerwada,2,Non-Furnished,Rent,None,31710
Yerwada,2,Non-Furnished,Rent,None,28587
Yerwada,2,Non-Furnished,Rent,None,31031
Yerwada,2,Non-Furnished,Rent,None,30651
Yerwada,2,Non-Furnished,Buy,New,8729973
Yerwada,2,Non-Furnished,Buy,New,8692848
Yerwada,2,Non-Furnished,Buy,New,7969720
Yerwada,2,Non-Furnished,Buy,New,8466207
Yerwada,2,Non-Furnished,Buy,New,9713666
Yerwada,2,Non-Furnished,Buy,New,8538124
Yerwada,2,Non-Furnished,Buy,New,8130495
Yerwada,2,Non-Furnished,Buy,New,9499559
Yerwada,2,Non-Furnished,Buy,New,9010786
Yerwada,2,Non-Furnished,Buy,New,7903647
Yerwada,2,Non-Furnished,Buy,New,9003000
Yerwada,2,Non-Furnished,Buy,New,8810801
Yerwada,2,Non-Furnished,Buy,PreOwned,7586298
Yerwada,2,Non-Furnished,Buy,PreOwned,7576226
Yerwada,2,Non-Furnished,Buy,PreOwned,7829282
Yerwada,2,Non-Furnished,Buy,PreOwned,7729906
Yerwada,2,Non-Furnished,Buy,PreOwned,7731039
Yerwada,2,Non-Furnished,Buy,PreOwned,7401162
Yerwada,2,Non-Furnished,Buy,PreOwned,7536645
Yerwada,2,Non-Furnished,Buy,PreOwned,7901112
Yerwada,2,Non-Furnished,Buy,PreOwned,7691396
Yerwada,2,Non-Furnished,Buy,PreOwned,7406655
Yerwada,2,Non-Furnished,Buy,PreOwned,7300683
Yerwada,2,Non-Furnished,Buy,PreOwned,7693848
Yerwada,3,Furnished,Rent,None,57423
Yerwada,3,Furnished,Rent,None,58861
Yerwada,3,Furnished,Rent,None,55358
Yerwada,3,Furnished,Rent,None,57574
Yerwada,3,Furnished,Rent,None,61893
Yerwada,3,Furnished,Rent,None,58602
Yerwada,3,Furnished,Rent,None,59524
Yerwada,3,Furnished,Rent,None,56757
Yerwada,3,Furnished,Rent,None,57418
Yerwada,3,Furnished,Rent,None,59784
Yerwada,3,Furnished,Rent,None,61712
Yerwada,3,Furnished,Rent,None,56325
Yerwada,3,Furnished,Buy,New,14920947
Yerwada,3,Furnished,Buy,New,16840877
Yerwada,3,Furnished,Buy,New,16451103
Yerwada,3,Furnished,Buy,New,16158988
Yerwada,3,Furnished,Buy,New,14624467
Yerwada,3,Furnished,Buy,New,17002727
Yerwada,3,Furnished,Buy,New,16692179
Yerwada,3,Furnished,Buy,New,15181134
Yerwada,3,Furnished,Buy,New,16858749
Yerwada,3,Furnished,Buy,New,16270826
Yerwada,3,Furnished,Buy,New,16089656
Yerwada,3,Furnished,Buy,New,16105046
Yerwada,3,Furnished,Buy,PreOwned,13954756
Yerwada,3,Furnished,Buy,PreOwned,14180117
Yerwada,3,Furnished,Buy,PreOwned,13962245
Yerwada,3,Furnished,Buy,PreOwned,14249675
Yerwada,3,Furnished,Buy,PreOwned,14899072
Yerwada,3,Furnished,Buy,PreOwned,13479340
Yerwada,3,Furnished,Buy,PreOwned,14601688
Yerwada,3,Furnished,Buy,PreOwned,14341262
Yerwada,3,Furnished,Buy,PreOwned,13907776
Yerwada,3,Furnished,Buy,PreOwned,14113252
Yerwada,3,Furnished,Buy,PreOwned,13542663
Yerwada,3,Furnished,Buy,PreOwned,14298124
Yerwada,3,Non-Furnished,Rent,None,51674
Yerwada,3,Non-Furnished,Rent,None,48616
Yerwada,3,Non-Furnished,Rent,None,51043
Yerwada,3,Non-Furnished,Rent,None,48928
Yerwada,3,Non-Furnished,Rent,None,51896
Yerwada,3,Non-Furnished,Rent,None,52338
Yerwada,3,Non-Furnished,Rent,None,52763
Yerwada,3,Non-Furnished,Rent,None,48530
Yerwada,3,Non-Furnished,Rent,None,49459
Yerwada,3,Non-Furnished,Rent,None,48029
Yerwada,3,Non-Furnished,Rent,None,48901
Yerwada,3,Non-Furnished,Rent,None,52885
Yerwada,3,Non-Furnished,Buy,New,13696426
Yerwada,3,Non-Furnished,Buy,New,14266801
Yerwada,3,Non-Furnished,Buy,New,14378503
Yerwada,3,Non-Furnished,Buy,New,15509986
Yerwada,3,Non-Furnished,Buy,New,14838882
Yerwada,3,Non-Furnished,Buy,New,15470300
Yerwada,3,Non-Furnished,Buy,New,15788717
Yerwada,3,Non-Furnished,Buy,New,14413303
Yerwada,3,Non-Furnished,Buy,New,15175014
Yerwada,3,Non-Furnished,Buy,New,14861662
Yerwada,3,Non-Furnished,Buy,New,14051640
Yerwada,3,Non-Furnished,Buy,New,14891306
Yerwada,3,Non-Furnished,Buy,PreOwned,13138914
Yerwada,3,Non-Furnished,Buy,PreOwned,13068589
Yerwada,3,Non-Furnished,Buy,PreOwned,13336440
Yerwada,3,Non-Furnished,Buy,PreOwned,12959459
Yerwada,3,Non-Furnished,Buy,PreOwned,13298796
Yerwada,3,Non-Furnished,Buy,PreOwned,12870122
Yerwada,3,Non-Furnished,Buy,PreOwned,12907536
Yerwada,3,Non-Furnished,Buy,PreOwned,13584319
Yerwada,3,Non-Furnished,Buy,PreOwned,13267316
Yerwada,3,Non-Furnished,Buy,PreOwned,12882859
Yerwada,3,Non-Furnished,Buy,PreOwned,13391838
Yerwada,3,Non-Furnished,Buy,PreOwned,13142706
Yerwada,4,Furnished,Rent,None,95401
Yerwada,4,Furnished,Rent,None,93517
Yerwada,4,Furnished,Rent,None,89726
Yerwada,4,Furnished,Rent,None,93530
Yerwada,4,Furnished,Rent,None,96860
Yerwada,4,Furnished,Rent,None,90298
Yerwada,4,Furnished,Rent,None,99084
Yerwada,4,Furnished,Rent,None,94191
Yerwada,4,Furnished,Rent,None,96858
Yerwada,4,Furnished,Rent,None,93855
Yerwada,4,Furnished,Rent,None,88682
Yerwada,4,Furnished,Rent,None,97513
Yerwada,4,Furnished,Buy,New,23923583
Yerwada,4,Furnished,Buy,New,22464110
Yerwada,4,Furnished,Buy,New,23867684
Yerwada,4,Furnished,Buy,New,23324878
Yerwada,4,Furnished,Buy,New,21793720
Yerwada,4,Furnished,Buy,New,23244397
Yerwada,4,Furnished,Buy,New,23976604
Yerwada,4,Furnished,Buy,New,22164101
Yerwada,4,Furnished,Buy,New,23145164
Yerwada,4,Furnished,Buy,New,22230581
Yerwada,4,Furnished,Buy,New,22766426
Yerwada,4,Furnished,Buy,New,22919010
Yerwada,4,Furnished,Buy,PreOwned,21336940
Yerwada,4,Furnished,Buy,PreOwned,20977899
Yerwada,4,Furnished,Buy,PreOwned,21359653
Yerwada,4,Furnished,Buy,PreOwned,20777576
Yerwada,4,Furnished,Buy,PreOwned,21713822
Yerwada,4,Furnished,Buy,PreOwned,20800702
Yerwada,4,Furnished,Buy,PreOwned,21919770
Yerwada,4,Furnished,Buy,PreOwned,21075941
Yerwada,4,Furnished,Buy,PreOwned,21746802
Yerwada,4,Furnished,Buy,PreOwned,21010455
Yerwada,4,Furnished,Buy,PreOwned,21188181
Yerwada,4,Furnished,Buy,PreOwned,21738661
Yerwada,4,Non-Furnished,Rent,None,86615
Yerwada,4,Non-Furnished,Rent,None,87277
Yerwada,4,Non-Furnished,Rent,None,86725
Yerwada,4,Non-Furnished,Rent,None,84990
Yerwada,4,Non-Furnished,Rent,None,83664
Yerwada,4,Non-Furnished,Rent,None,87419
Yerwada,4,Non-Furnished,Rent,None,86523
Yerwada,4,Non-Furnished,Rent,None,87251
Yerwada,4,Non-Furnished,Rent,None,87986
Yerwada,4,Non-Furnished,Rent,None,83388
Yerwada,4,Non-Furnished,Rent,None,87517
Yerwada,4,Non-Furnished,Rent,None,83279
Yerwada,4,Non-Furnished,Buy,New,22199973
Yerwada,4,Non-Furnished,Buy,New,21867275
Yerwada,4,Non-Furnished,Buy,New,21080002
Yerwada,4,Non-Furnished,Buy,New,22355788
Yerwada,4,Non-Furnished,Buy,New,20900073
Yerwada,4,Non-Furnished,Buy,New,21121082
Yerwada,4,Non-Furnished,Buy,New,21802180
Yerwada,4,Non-Furnished,Buy,New,21699835
Yerwada,4,Non-Furnished,Buy,New,22245623
Yerwada,4,Non-Furnished,Buy,New,21238177
Yerwada,4,Non-Furnished,Buy,New,21313905
Yerwada,4,Non-Furnished,Buy,New,21598548
Yerwada,4,Non-Furnished,Buy,PreOwned,19809502
Yerwada,4,Non-Furnished,Buy,PreOwned,20014866
Yerwada,4,Non-Furnished,Buy,PreOwned,19983098
Yerwada,4,Non-Furnished,Buy,PreOwned,20580368
Yerwada,4,Non-Furnished,Buy,PreOwned,19796501
Yerwada,4,Non-Furnished,Buy,PreOwned,20042937
Yerwada,4,Non-Furnished,Buy,PreOwned,20269619
Yerwada,4,Non-Furnished,Buy,PreOwned,20405472
Yerwada,4,Non-Furnished,Buy,PreOwned,19840407
Yerwada,4,Non-Furnished,Buy,PreOwned,19756574
Yerwada,4,Non-Furnished,Buy,PreOwned,19893244
Yerwada,4,Non-Furnished,Buy,PreOwned,19951723
Yerwada,5,Furnished,Rent,None,139142
Yerwada,5,Furnished,Rent,None,135965
Yerwada,5,Furnished,Rent,None,139709
Yerwada,5,Furnished,Rent,None,143309
Yerwada,5,Furnished,Rent,None,132295
Yerwada,5,Furnished,Rent,None,142892
Yerwada,5,Furnished,Rent,None,137369
Yerwada,5,Furnished,Rent,None,134067
Yerwada,5,Furnished,Rent,None,134145
Yerwada,5,Furnished,Rent,None,139129
Yerwada,5,Furnished,Rent,None,138024
Yerwada,5,Furnished,Rent,None,133590
Yerwada,5,Furnished,Buy,New,32763077
Yerwada,5,Furnished,Buy,New,31485901
Yerwada,5,Furnished,Buy,New,33454504
Yerwada,5,Furnished,Buy,New,32698066
Yerwada,5,Furnished,Buy,New,32500691
Yerwada,5,Furnished,Buy,New,32298257
Yerwada,5,Furnished,Buy,New,32360806
Yerwada,5,Furnished,Buy,New,34192097
Yerwada,5,Furnished,Buy,New,32376010
Yerwada,5,Furnished,Buy,New,31901228
Yerwada,5,Furnished,Buy,New,31999976
Yerwada,5,Furnished,Buy,New,32778557
Yerwada,5,Furnished,Buy,PreOwned,31446861
Yerwada,5,Furnished,Buy,PreOwned,32020264
Yerwada,5,Furnished,Buy,PreOwned,30807395
Yerwada,5,Furnished,Buy,PreOwned,31158193
Yerwada,5,Furnished,Buy,PreOwned,31772850
Yerwada,5,Furnished,Buy,PreOwned,31006987
Yerwada,5,Furnished,Buy,PreOwned,30896403
Yerwada,5,Furnished,Buy,PreOwned,30342809
Yerwada,5,Furnished,Buy,PreOwned,30734188
Yerwada,5,Furnished,Buy,PreOwned,30657365
Yerwada,5,Furnished,Buy,PreOwned,30574782
Yerwada,5,Furnished,Buy,PreOwned,30801589
Yerwada,5,Non-Furnished,Rent,None,132362
Yerwada,5,Non-Furnished,Rent,None,128171
Yerwada,5,Non-Furnished,Rent,None,132033
Yerwada,5,Non-Furnished,Rent,None,128995
Yerwada,5,Non-Furnished,Rent,None,130309
Yerwada,5,Non-Furnished,Rent,None,131192
Yerwada,5,Non-Furnished,Rent,None,131560
Yerwada,5,Non-Furnished,Rent,None,130354
Yerwada,5,Non-Furnished,Rent,None,130540
Yerwada,5,Non-Furnished,Rent,None,130165
Yerwada,5,Non-Furnished,Rent,None,131359
Yerwada,5,Non-Furnished,Rent,None,129125
Yerwada,5,Non-Furnished,Buy,New,31213008
Yerwada,5,Non-Furnished,Buy,New,31490350
Yerwada,5,Non-Furnished,Buy,New,32760741
Yerwada,5,Non-Furnished,Buy,New,31648457
Yerwada,5,Non-Furnished,Buy,New,32581080
Yerwada,5,Non-Furnished,Buy,New,31626128
Yerwada,5,Non-Furnished,Buy,New,31540244
Yerwada,5,Non-Furnished,Buy,New,31910776
Yerwada,5,Non-Furnished,Buy,New,31774336
Yerwada,5,Non-Furnished,Buy,New,32059937
Yerwada,5,Non-Furnished,Buy,New,32705318
Yerwada,5,Non-Furnished,Buy,New,30769152
Yerwada,5,Non-Furnished,Buy,PreOwned,29745503
Yerwada,5,Non-Furnished,Buy,PreOwned,30526582
Yerwada,5,Non-Furnished,Buy,PreOwned,29863791
Yerwada,5,Non-Furnished,Buy,PreOwned,30014575
Yerwada,5,Non-Furnished,Buy,PreOwned,29701424
Yerwada,5,Non-Furnished,Buy,PreOwned,29894287
Yerwada,5,Non-Furnished,Buy,PreOwned,30073772
Yerwada,5,Non-Furnished,Buy,PreOwned,30473875
Yerwada,5,Non-Furnished,Buy,PreOwned,29900826
Yerwada,5,Non-Furnished,Buy,PreOwned,29773356
Yerwada,5,Non-Furnished,Buy,PreOwned,30269926
Yerwada,5,Non-Furnished,Buy,PreOwned,30588560
Pashan,1,Furnished,Rent,None,18625
Pashan,1,Furnished,Rent,None,17970
Pashan,1,Furnished,Rent,None,24165
Pashan,1,Furnished,Rent,None,22514
Pashan,1,Furnished,Rent,None,21324
Pashan,1,Furnished,Rent,None,22163
Pashan,1,Furnished,Rent,None,16233
Pashan,1,Furnished,Rent,None,17929
Pashan,1,Furnished,Rent,None,17701
Pashan,1,Furnished,Rent,None,15887
Pashan,1,Furnished,Rent,None,18481
Pashan,1,Furnished,Rent,None,17689
Pashan,1,Furnished,Buy,New,5331755
Pashan,1,Furnished,Buy,New,4577337
Pashan,1,Furnished,Buy,New,4575474
Pashan,1,Furnished,Buy,New,4662771
Pashan,1,Furnished,Buy,New,5098923
Pashan,1,Furnished,Buy,New,6074013
Pashan,1,Furnished,Buy,New,5657824
Pashan,1,Furnished,Buy,New,5911317
Pashan,1,Furnished,Buy,New,3583747
Pashan,1,Furnished,Buy,New,4954057
Pashan,1,Furnished,Buy,New,5592865
Pashan,1,Furnished,Buy,New,5922021
Pashan,1,Furnished,Buy,PreOwned,3418119
Pashan,1,Furnished,Buy,PreOwned,3221761
Pashan,1,Furnished,Buy,PreOwned,3926171
Pashan,1,Furnished,Buy,PreOwned,3354667
Pashan,1,Furnished,Buy,PreOwned,3111633
Pashan,1,Furnished,Buy,PreOwned,3372626
Pashan,1,Furnished,Buy,PreOwned,2943915
Pashan,1,Furnished,Buy,PreOwned,3541287
Pashan,1,Furnished,Buy,PreOwned,4263928
Pashan,1,Furnished,Buy,PreOwned,4255335
Pashan,1,Furnished,Buy,PreOwned,3719651
Pashan,1,Furnished,Buy,PreOwned,3932786
Pashan,1,Non-Furnished,Rent,None,14779
Pashan,1,Non-Furnished,Rent,None,14843
Pashan,1,Non-Furnished,Rent,None,11338
Pashan,1,Non-Furnished,Rent,None,10710
Pashan,1,Non-Furnished,Rent,None,14836
Pashan,1,Non-Furnished,Rent,None,14076
Pashan,1,Non-Furnished,Rent,None,10549
Pashan,1,Non-Furnished,Rent,None,10521
Pashan,1,Non-Furnished,Rent,None,10558
Pashan,1,Non-Furnished,Rent,None,12101
Pashan,1,Non-Furnished,Rent,None,14996
Pashan,1,Non-Furnished,Rent,None,13383
Pashan,1,Non-Furnished,Buy,New,3260790
Pashan,1,Non-Furnished,Buy,New,3645332
Pashan,1,Non-Furnished,Buy,New,3723544
Pashan,1,Non-Furnished,Buy,New,4165559
Pashan,1,Non-Furnished,Buy,New,3805183
Pashan,1,Non-Furnished,Buy,New,5094489
Pashan,1,Non-Furnished,Buy,New,4438618
Pashan,1,Non-Furnished,Buy,New,3989185
Pashan,1,Non-Furnished,Buy,New,4351123
Pashan,1,Non-Furnished,Buy,New,4270331
Pashan,1,Non-Furnished,Buy,New,3217597
Pashan,1,Non-Furnished,Buy,New,4263856
Pashan,1,Non-Furnished,Buy,PreOwned,2553192
Pashan,1,Non-Furnished,Buy,PreOwned,2801546
Pashan,1,Non-Furnished,Buy,PreOwned,2514471
Pashan,1,Non-Furnished,Buy,PreOwned,2325014
Pashan,1,Non-Furnished,Buy,PreOwned,2459765
Pashan,1,Non-Furnished,Buy,PreOwned,2560666
Pashan,1,Non-Furnished,Buy,PreOwned,2424509
Pashan,1,Non-Furnished,Buy,PreOwned,2316221
Pashan,1,Non-Furnished,Buy,PreOwned,2224542
Pashan,1,Non-Furnished,Buy,PreOwned,2913923
Pashan,1,Non-Furnished,Buy,PreOwned,2822726
Pashan,1,Non-Furnished,Buy,PreOwned,3055762
Pashan,2,Furnished,Rent,None,30342
Pashan,2,Furnished,Rent,None,27471
Pashan,2,Furnished,Rent,None,29760
Pashan,2,Furnished,Rent,None,33801
Pashan,2,Furnished,Rent,None,30275
Pashan,2,Furnished,Rent,None,27465
Pashan,2,Furnished,Rent,None,28957
Pashan,2,Furnished,Rent,None,27744
Pashan,2,Furnished,Rent,None,27963
Pashan,2,Furnished,Rent,None,24697
Pashan,2,Furnished,Rent,None,26975
Pashan,2,Furnished,Rent,None,31649
Pashan,2,Furnished,Buy,New,8413103
Pashan,2,Furnished,Buy,New,5969909
Pashan,2,Furnished,Buy,New,7741015
Pashan,2,Furnished,Buy,New,7739398
Pashan,2,Furnished,Buy,New,7162767
Pashan,2,Furnished,Buy,New,7708699
Pashan,2,Furnished,Buy,New,7422257
Pashan,2,Furnished,Buy,New,8750515
Pashan,2,Furnished,Buy,New,7314337
Pashan,2,Furnished,Buy,New,8058484
Pashan,2,Furnished,Buy,New,6564060
Pashan,2,Furnished,Buy,New,9260593
Pashan,2,Furnished,Buy,PreOwned,5961215
Pashan,2,Furnished,Buy,PreOwned,6412039
Pashan,2,Furnished,Buy,PreOwned,6250224
Pashan,2,Furnished,Buy,PreOwned,5663401
Pashan,2,Furnished,Buy,PreOwned,6569287
Pashan,2,Furnished,Buy,PreOwned,6348715
Pashan,2,Furnished,Buy,PreOwned,5590541
Pashan,2,Furnished,Buy,PreOwned,5993373
Pashan,2,Furnished,Buy,PreOwned,6613766
Pashan,2,Furnished,Buy,PreOwned,6300574
Pashan,2,Furnished,Buy,PreOwned,6139522
Pashan,2,Furnished,Buy,PreOwned,5994856
Pashan,2,Non-Furnished,Rent,None,19669
Pashan,2,Non-Furnished,Rent,None,18979
Pashan,2,Non-Furnished,Rent,None,18593
Pashan,2,Non-Furnished,Rent,None,22834
Pashan,2,Non-Furnished,Rent,None,22969
Pashan,2,Non-Furnished,Rent,None,21471
Pashan,2,Non-Furnished,Rent,None,21692
Pashan,2,Non-Furnished,Rent,None,20063
Pashan,2,Non-Furnished,Rent,None,19989
Pashan,2,Non-Furnished,Rent,None,18779
Pashan,2,Non-Furnished,Rent,None,22399
Pashan,2,Non-Furnished,Rent,None,20098
Pashan,2,Non-Furnished,Buy,New,7840889
Pashan,2,Non-Furnished,Buy,New,6226085
Pashan,2,Non-Furnished,Buy,New,6479796
Pashan,2,Non-Furnished,Buy,New,7333043
Pashan,2,Non-Furnished,Buy,New,5992798
Pashan,2,Non-Furnished,Buy,New,7298700
Pashan,2,Non-Furnished,Buy,New,6583894
Pashan,2,Non-Furnished,Buy,New,6145270
Pashan,2,Non-Furnished,Buy,New,6803341
Pashan,2,Non-Furnished,Buy,New,7074697
Pashan,2,Non-Furnished,Buy,New,6472527
Pashan,2,Non-Furnished,Buy,New,6660949
Pashan,2,Non-Furnished,Buy,PreOwned,5146242
Pashan,2,Non-Furnished,Buy,PreOwned,5307640
Pashan,2,Non-Furnished,Buy,PreOwned,5219285
Pashan,2,Non-Furnished,Buy,PreOwned,5556754
Pashan,2,Non-Furnished,Buy,PreOwned,5090081
Pashan,2,Non-Furnished,Buy,PreOwned,4949538
Pashan,2,Non-Furnished,Buy,PreOwned,5399286
Pashan,2,Non-Furnished,Buy,PreOwned,4887664
Pashan,2,Non-Furnished,Buy,PreOwned,5409893
Pashan,2,Non-Furnished,Buy,PreOwned,5571291
Pashan,2,Non-Furnished,Buy,PreOwned,5471467
Pashan,2,Non-Furnished,Buy,PreOwned,4853301
Pashan,3,Furnished,Rent,None,42316
Pashan,3,Furnished,Rent,None,42421
Pashan,3,Furnished,Rent,None,42996
Pashan,3,Furnished,Rent,None,45830
Pashan,3,Furnished,Rent,None,45727
Pashan,3,Furnished,Rent,None,42481
Pashan,3,Furnished,Rent,None,43658
Pashan,3,Furnished,Rent,None,43244
Pashan,3,Furnished,Rent,None,46338
Pashan,3,Furnished,Rent,None,42796
Pashan,3,Furnished,Rent,None,38540
Pashan,3,Furnished,Rent,None,48999
Pashan,3,Furnished,Buy,New,11286640
Pashan,3,Furnished,Buy,New,10153328
Pashan,3,Furnished,Buy,New,12751374
Pashan,3,Furnished,Buy,New,12312982
Pashan,3,Furnished,Buy,New,10566017
Pashan,3,Furnished,Buy,New,10458098
Pashan,3,Furnished,Buy,New,11222342
Pashan,3,Furnished,Buy,New,10292116
Pashan,3,Furnished,Buy,New,11495668
Pashan,3,Furnished,Buy,New,10185176
Pashan,3,Furnished,Buy,New,10837762
Pashan,3,Furnished,Buy,New,10803780
Pashan,3,Furnished,Buy,PreOwned,10054579
Pashan,3,Furnished,Buy,PreOwned,9590524
Pashan,3,Furnished,Buy,PreOwned,10088992
Pashan,3,Furnished,Buy,PreOwned,9590962
Pashan,3,Furnished,Buy,PreOwned,9463745
Pashan,3,Furnished,Buy,PreOwned,10449804
Pashan,3,Furnished,Buy,PreOwned,9441176
Pashan,3,Furnished,Buy,PreOwned,9400533
Pashan,3,Furnished,Buy,PreOwned,9285997
Pashan,3,Furnished,Buy,PreOwned,9947628
Pashan,3,Furnished,Buy,PreOwned,9941321
Pashan,3,Furnished,Buy,PreOwned,9047168
Pashan,3,Non-Furnished,Rent,None,37746
Pashan,3,Non-Furnished,Rent,None,37576
Pashan,3,Non-Furnished,Rent,None,37894
Pashan,3,Non-Furnished,Rent,None,36937
Pashan,3,Non-Furnished,Rent,None,33198
Pashan,3,Non-Furnished,Rent,None,36188
Pashan,3,Non-Furnished,Rent,None,36198
Pashan,3,Non-Furnished,Rent,None,37799
Pashan,3,Non-Furnished,Rent,None,36600
Pashan,3,Non-Furnished,Rent,None,34695
Pashan,3,Non-Furnished,Rent,None,34649
Pashan,3,Non-Furnished,Rent,None,37228
Pashan,3,Non-Furnished,Buy,New,9224773
Pashan,3,Non-Furnished,Buy,New,9499050
Pashan,3,Non-Furnished,Buy,New,9006778
Pashan,3,Non-Furnished,Buy,New,10537205
Pashan,3,Non-Furnished,Buy,New,9346651
Pashan,3,Non-Furnished,Buy,New,9350909
Pashan,3,Non-Furnished,Buy,New,9409980
Pashan,3,Non-Furnished,Buy,New,11043681
Pashan,3,Non-Furnished,Buy,New,10919504
Pashan,3,Non-Furnished,Buy,New,10027305
Pashan,3,Non-Furnished,Buy,New,10649923
Pashan,3,Non-Furnished,Buy,New,9865507
Pashan,3,Non-Furnished,Buy,PreOwned,8830635
Pashan,3,Non-Furnished,Buy,PreOwned,9003180
Pashan,3,Non-Furnished,Buy,PreOwned,8762906
Pashan,3,Non-Furnished,Buy,PreOwned,8692195
Pashan,3,Non-Furnished,Buy,PreOwned,8993198
Pashan,3,Non-Furnished,Buy,PreOwned,8865876
Pashan,3,Non-Furnished,Buy,PreOwned,8895059
Pashan,3,Non-Furnished,Buy,PreOwned,8214838
Pashan,3,Non-Furnished,Buy,PreOwned,8841537
Pashan,3,Non-Furnished,Buy,PreOwned,8789556
Pashan,3,Non-Furnished,Buy,PreOwned,8934493
Pashan,3,Non-Furnished,Buy,PreOwned,8703403
Pashan,4,Furnished,Rent,None,69783
Pashan,4,Furnished,Rent,None,72840
Pashan,4,Furnished,Rent,None,72274
Pashan,4,Furnished,Rent,None,64343
Pashan,4,Furnished,Rent,None,69854
Pashan,4,Furnished,Rent,None,74408
Pashan,4,Furnished,Rent,None,64609
Pashan,4,Furnished,Rent,None,64716
Pashan,4,Furnished,Rent,None,72020
Pashan,4,Furnished,Rent,None,71844
Pashan,4,Furnished,Rent,None,74671
Pashan,4,Furnished,Rent,None,67392
Pashan,4,Furnished,Buy,New,17164743
Pashan,4,Furnished,Buy,New,16551518
Pashan,4,Furnished,Buy,New,15743569
Pashan,4,Furnished,Buy,New,16927644
Pashan,4,Furnished,Buy,New,15741694
Pashan,4,Furnished,Buy,New,15889378
Pashan,4,Furnished,Buy,New,15728424
Pashan,4,Furnished,Buy,New,16683922
Pashan,4,Furnished,Buy,New,15972865
Pashan,4,Furnished,Buy,New,17975686
Pashan,4,Furnished,Buy,New,17085913
Pashan,4,Furnished,Buy,New,17191183
Pashan,4,Furnished,Buy,PreOwned,14299346
Pashan,4,Furnished,Buy,PreOwned,14638395
Pashan,4,Furnished,Buy,PreOwned,15291828
Pashan,4,Furnished,Buy,PreOwned,15343575
Pashan,4,Furnished,Buy,PreOwned,14735353
Pashan,4,Furnished,Buy,PreOwned,14459590
Pashan,4,Furnished,Buy,PreOwned,14759638
Pashan,4,Furnished,Buy,PreOwned,14462176
Pashan,4,Furnished,Buy,PreOwned,14330794
Pashan,4,Furnished,Buy,PreOwned,14354915
Pashan,4,Furnished,Buy,PreOwned,16043060
Pashan,4,Furnished,Buy,PreOwned,15012956
Pashan,4,Non-Furnished,Rent,None,60462
Pashan,4,Non-Furnished,Rent,None,59309
Pashan,4,Non-Furnished,Rent,None,58061
Pashan,4,Non-Furnished,Rent,None,61904
Pashan,4,Non-Furnished,Rent,None,62114
Pashan,4,Non-Furnished,Rent,None,60534
Pashan,4,Non-Furnished,Rent,None,59429
Pashan,4,Non-Furnished,Rent,None,59520
Pashan,4,Non-Furnished,Rent,None,58297
Pashan,4,Non-Furnished,Rent,None,62565
Pashan,4,Non-Furnished,Rent,None,58896
Pashan,4,Non-Furnished,Rent,None,59127
Pashan,4,Non-Furnished,Buy,New,15008844
Pashan,4,Non-Furnished,Buy,New,16197004
Pashan,4,Non-Furnished,Buy,New,15290804
Pashan,4,Non-Furnished,Buy,New,16294539
Pashan,4,Non-Furnished,Buy,New,14956840
Pashan,4,Non-Furnished,Buy,New,15273572
Pashan,4,Non-Furnished,Buy,New,16678525
Pashan,4,Non-Furnished,Buy,New,15134811
Pashan,4,Non-Furnished,Buy,New,15565911
Pashan,4,Non-Furnished,Buy,New,15561005
Pashan,4,Non-Furnished,Buy,New,16657713
Pashan,4,Non-Furnished,Buy,New,14561072
Pashan,4,Non-Furnished,Buy,PreOwned,14277829
Pashan,4,Non-Furnished,Buy,PreOwned,13917752
Pashan,4,Non-Furnished,Buy,PreOwned,14563873
Pashan,4,Non-Furnished,Buy,PreOwned,14034883
Pashan,4,Non-Furnished,Buy,PreOwned,14228140
Pashan,4,Non-Furnished,Buy,PreOwned,14486508
Pashan,4,Non-Furnished,Buy,PreOwned,13968556
Pashan,4,Non-Furnished,Buy,PreOwned,14226935
Pashan,4,Non-Furnished,Buy,PreOwned,14416417
Pashan,4,Non-Furnished,Buy,PreOwned,13980898
Pashan,4,Non-Furnished,Buy,PreOwned,13817199
Pashan,4,Non-Furnished,Buy,PreOwned,14507670
Pashan,5,Furnished,Rent,None,108323
Pashan,5,Furnished,Rent,None,99488
Pashan,5,Furnished,Rent,None,98453
Pashan,5,Furnished,Rent,None,102787
Pashan,5,Furnished,Rent,None,104626
Pashan,5,Furnished,Rent,None,101954
Pashan,5,Furnished,Rent,None,98338
Pashan,5,Furnished,Rent,None,102850
Pashan,5,Furnished,Rent,None,105371
Pashan,5,Furnished,Rent,None,106786
Pashan,5,Furnished,Rent,None,100889
Pashan,5,Furnished,Rent,None,103484
Pashan,5,Furnished,Buy,New,24868517
Pashan,5,Furnished,Buy,New,26066282
Pashan,5,Furnished,Buy,New,24892856
Pashan,5,Furnished,Buy,New,24624645
Pashan,5,Furnished,Buy,New,25387401
Pashan,5,Furnished,Buy,New,24492572
Pashan,5,Furnished,Buy,New,24737599
Pashan,5,Furnished,Buy,New,24276469
Pashan,5,Furnished,Buy,New,24774393
Pashan,5,Furnished,Buy,New,24106817
Pashan,5,Furnished,Buy,New,22930273
Pashan,5,Furnished,Buy,New,24459482
Pashan,5,Furnished,Buy,PreOwned,23526351
Pashan,5,Furnished,Buy,PreOwned,22581629
Pashan,5,Furnished,Buy,PreOwned,23668724
Pashan,5,Furnished,Buy,PreOwned,22939433
Pashan,5,Furnished,Buy,PreOwned,23244004
Pashan,5,Furnished,Buy,PreOwned,23080383
Pashan,5,Furnished,Buy,PreOwned,22361956
Pashan,5,Furnished,Buy,PreOwned,23422275
Pashan,5,Furnished,Buy,PreOwned,23230739
Pashan,5,Furnished,Buy,PreOwned,23839336
Pashan,5,Furnished,Buy,PreOwned,22863679
Pashan,5,Furnished,Buy,PreOwned,23124616
Pashan,5,Non-Furnished,Rent,None,94120
Pashan,5,Non-Furnished,Rent,None,96674
Pashan,5,Non-Furnished,Rent,None,95004
Pashan,5,Non-Furnished,Rent,None,96641
Pashan,5,Non-Furnished,Rent,None,93614
Pashan,5,Non-Furnished,Rent,None,96412
Pashan,5,Non-Furnished,Rent,None,95326
Pashan,5,Non-Furnished,Rent,None,94482
Pashan,5,Non-Furnished,Rent,None,95824
Pashan,5,Non-Furnished,Rent,None,96584
Pashan,5,Non-Furnished,Rent,None,96849
Pashan,5,Non-Furnished,Rent,None,97765
Pashan,5,Non-Furnished,Buy,New,24187680
Pashan,5,Non-Furnished,Buy,New,23185669
Pashan,5,Non-Furnished,Buy,New,23660990
Pashan,5,Non-Furnished,Buy,New,23431523
Pashan,5,Non-Furnished,Buy,New,23215381
Pashan,5,Non-Furnished,Buy,New,22826538
Pashan,5,Non-Furnished,Buy,New,22888016
Pashan,5,Non-Furnished,Buy,New,22849107
Pashan,5,Non-Furnished,Buy,New,23047160
Pashan,5,Non-Furnished,Buy,New,23628641
Pashan,5,Non-Furnished,Buy,New,23259717
Pashan,5,Non-Furnished,Buy,New,22845898
Pashan,5,Non-Furnished,Buy,PreOwned,21990313
Pashan,5,Non-Furnished,Buy,PreOwned,21742190
Pashan,5,Non-Furnished,Buy,PreOwned,22024105
Pashan,5,Non-Furnished,Buy,PreOwned,21865328
Pashan,5,Non-Furnished,Buy,PreOwned,21785096
Pashan,5,Non-Furnished,Buy,PreOwned,22151625
Pashan,5,Non-Furnished,Buy,PreOwned,22368150
Pashan,5,Non-Furnished,Buy,PreOwned,21749110
Pashan,5,Non-Furnished,Buy,PreOwned,22283272
Pashan,5,Non-Furnished,Buy,PreOwned,22429674
Pashan,5,Non-Furnished,Buy,PreOwned,22196501
Pashan,5,Non-Furnished,Buy,PreOwned,22234262
Lavasa,1,Furnished,Rent,None,18421
Lavasa,1,Furnished,Rent,None,16829
Lavasa,1,Furnished,Rent,None,26101
Lavasa,1,Furnished,Rent,None,17538
Lavasa,1,Furnished,Rent,None,15876
Lavasa,1,Furnished,Rent,None,20848
Lavasa,1,Furnished,Rent,None,17017
Lavasa,1,Furnished,Rent,None,14422
Lavasa,1,Furnished,Rent,None,19428
Lavasa,1,Furnished,Rent,None,17615
Lavasa,1,Furnished,Rent,None,16197
Lavasa,1,Furnished,Rent,None,20020
Lavasa,1,Furnished,Buy,New,5920208
Lavasa,1,Furnished,Buy,New,4708272
Lavasa,1,Furnished,Buy,New,5609117
Lavasa,1,Furnished,Buy,New,5364562
Lavasa,1,Furnished,Buy,New,5001017
Lavasa,1,Furnished,Buy,New,5047157
Lavasa,1,Furnished,Buy,New,5382334
Lavasa,1,Furnished,Buy,New,5412356
Lavasa,1,Furnished,Buy,New,4921522
Lavasa,1,Furnished,Buy,New,4757079
Lavasa,1,Furnished,Buy,New,5968487
Lavasa,1,Furnished,Buy,New,5717136
Lavasa,1,Furnished,Buy,PreOwned,4535645
Lavasa,1,Furnished,Buy,PreOwned,4315344
Lavasa,1,Furnished,Buy,PreOwned,4482554
Lavasa,1,Furnished,Buy,PreOwned,3574412
Lavasa,1,Furnished,Buy,PreOwned,3664619
Lavasa,1,Furnished,Buy,PreOwned,4285819
Lavasa,1,Furnished,Buy,PreOwned,3780606
Lavasa,1,Furnished,Buy,PreOwned,4118207
Lavasa,1,Furnished,Buy,PreOwned,3173441
Lavasa,1,Furnished,Buy,PreOwned,4192591
Lavasa,1,Furnished,Buy,PreOwned,3370152
Lavasa,1,Furnished,Buy,PreOwned,3873004
Lavasa,1,Non-Furnished,Rent,None,14848
Lavasa,1,Non-Furnished,Rent,None,14505
Lavasa,1,Non-Furnished,Rent,None,14093
Lavasa,1,Non-Furnished,Rent,None,13097
Lavasa,1,Non-Furnished,Rent,None,10545
Lavasa,1,Non-Furnished,Rent,None,10474
Lavasa,1,Non-Furnished,Rent,None,10499
Lavasa,1,Non-Furnished,Rent,None,14682
Lavasa,1,Non-Furnished,Rent,None,13353
Lavasa,1,Non-Furnished,Rent,None,14014
Lavasa,1,Non-Furnished,Rent,None,12097
Lavasa,1,Non-Furnished,Rent,None,13774
Lavasa,1,Non-Furnished,Buy,New,4080963
Lavasa,1,Non-Furnished,Buy,New,3244750
Lavasa,1,Non-Furnished,Buy,New,3755832
Lavasa,1,Non-Furnished,Buy,New,4611812
Lavasa,1,Non-Furnished,Buy,New,4875187
Lavasa,1,Non-Furnished,Buy,New,3500169
Lavasa,1,Non-Furnished,Buy,New,4057591
Lavasa,1,Non-Furnished,Buy,New,4303478
Lavasa,1,Non-Furnished,Buy,New,3971731
Lavasa,1,Non-Furnished,Buy,New,3218199
Lavasa,1,Non-Furnished,Buy,New,4673998
Lavasa,1,Non-Furnished,Buy,New,4072878
Lavasa,1,Non-Furnished,Buy,PreOwned,2225604
Lavasa,1,Non-Furnished,Buy,PreOwned,2407945
Lavasa,1,Non-Furnished,Buy,PreOwned,2313829
Lavasa,1,Non-Furnished,Buy,PreOwned,2769176
Lavasa,1,Non-Furnished,Buy,PreOwned,2655084
Lavasa,1,Non-Furnished,Buy,PreOwned,2751611
Lavasa,1,Non-Furnished,Buy,PreOwned,2886171
Lavasa,1,Non-Furnished,Buy,PreOwned,2487286
Lavasa,1,Non-Furnished,Buy,PreOwned,2445568
Lavasa,1,Non-Furnished,Buy,PreOwned,2755391
Lavasa,1,Non-Furnished,Buy,PreOwned,2963854
Lavasa,1,Non-Furnished,Buy,PreOwned,2952998
Lavasa,2,Furnished,Rent,None,26577
Lavasa,2,Furnished,Rent,None,27596
Lavasa,2,Furnished,Rent,None,32587
Lavasa,2,Furnished,Rent,None,29650
Lavasa,2,Furnished,Rent,None,27253
Lavasa,2,Furnished,Rent,None,22251
Lavasa,2,Furnished,Rent,None,34755
Lavasa,2,Furnished,Rent,None,23144
Lavasa,2,Furnished,Rent,None,31989
Lavasa,2,Furnished,Rent,None,27392
Lavasa,2,Furnished,Rent,None,29150
Lavasa,2,Furnished,Rent,None,24843
Lavasa,2,Furnished,Buy,New,8282898
Lavasa,2,Furnished,Buy,New,8176210
Lavasa,2,Furnished,Buy,New,7708435
Lavasa,2,Furnished,Buy,New,8687173
Lavasa,2,Furnished,Buy,New,7071483
Lavasa,2,Furnished,Buy,New,7338156
Lavasa,2,Furnished,Buy,New,6857558
Lavasa,2,Furnished,Buy,New,6892936
Lavasa,2,Furnished,Buy,New,7585849
Lavasa,2,Furnished,Buy,New,7970522
Lavasa,2,Furnished,Buy,New,8084081
Lavasa,2,Furnished,Buy,New,7313254
Lavasa,2,Furnished,Buy,PreOwned,5662994
Lavasa,2,Furnished,Buy,PreOwned,6137190
Lavasa,2,Furnished,Buy,PreOwned,5981836
Lavasa,2,Furnished,Buy,PreOwned,6019805
Lavasa,2,Furnished,Buy,PreOwned,5734130
Lavasa,2,Furnished,Buy,PreOwned,6085684
Lavasa,2,Furnished,Buy,PreOwned,5985413
Lavasa,2,Furnished,Buy,PreOwned,6485516
Lavasa,2,Furnished,Buy,PreOwned,5565448
Lavasa,2,Furnished,Buy,PreOwned,6737990
Lavasa,2,Furnished,Buy,PreOwned,6054481
Lavasa,2,Furnished,Buy,PreOwned,6072398
Lavasa,2,Non-Furnished,Rent,None,18626
Lavasa,2,Non-Furnished,Rent,None,20326
Lavasa,2,Non-Furnished,Rent,None,18191
Lavasa,2,Non-Furnished,Rent,None,19485
Lavasa,2,Non-Furnished,Rent,None,19021
Lavasa,2,Non-Furnished,Rent,None,18172
Lavasa,2,Non-Furnished,Rent,None,19326
Lavasa,2,Non-Furnished,Rent,None,21225
Lavasa,2,Non-Furnished,Rent,None,20348
Lavasa,2,Non-Furnished,Rent,None,22385
Lavasa,2,Non-Furnished,Rent,None,22655
Lavasa,2,Non-Furnished,Rent,None,22515
Lavasa,2,Non-Furnished,Buy,New,7044359
Lavasa,2,Non-Furnished,Buy,New,6148174
Lavasa,2,Non-Furnished,Buy,New,6490243
Lavasa,2,Non-Furnished,Buy,New,7883538
Lavasa,2,Non-Furnished,Buy,New,5779406
Lavasa,2,Non-Furnished,Buy,New,6935224
Lavasa,2,Non-Furnished,Buy,New,6469418
Lavasa,2,Non-Furnished,Buy,New,6577871
Lavasa,2,Non-Furnished,Buy,New,7843020
Lavasa,2,Non-Furnished,Buy,New,7541622
Lavasa,2,Non-Furnished,Buy,New,6589457
Lavasa,2,Non-Furnished,Buy,New,7379910
Lavasa,2,Non-Furnished,Buy,PreOwned,5363844
Lavasa,2,Non-Furnished,Buy,PreOwned,5412620
Lavasa,2,Non-Furnished,Buy,PreOwned,4727221
Lavasa,2,Non-Furnished,Buy,PreOwned,5323365
Lavasa,2,Non-Furnished,Buy,PreOwned,5456002
Lavasa,2,Non-Furnished,Buy,PreOwned,5399140
Lavasa,2,Non-Furnished,Buy,PreOwned,5178184
Lavasa,2,Non-Furnished,Buy,PreOwned,5322286
Lavasa,2,Non-Furnished,Buy,PreOwned,5272448
Lavasa,2,Non-Furnished,Buy,PreOwned,5398176
Lavasa,2,Non-Furnished,Buy,PreOwned,5002934
Lavasa,2,Non-Furnished,Buy,PreOwned,5327041
Lavasa,3,Furnished,Rent,None,38910
Lavasa,3,Furnished,Rent,None,44959
Lavasa,3,Furnished,Rent,None,45269
Lavasa,3,Furnished,Rent,None,38553
Lavasa,3,Furnished,Rent,None,41773
Lavasa,3,Furnished,Rent,None,41317
Lavasa,3,Furnished,Rent,None,44783
Lavasa,3,Furnished,Rent,None,39915
Lavasa,3,Furnished,Rent,None,41374
Lavasa,3,Furnished,Rent,None,40589
Lavasa,3,Furnished,Rent,None,37497
Lavasa,3,Furnished,Rent,None,41060
Lavasa,3,Furnished,Buy,New,11632410
Lavasa,3,Furnished,Buy,New,10981674
Lavasa,3,Furnished,Buy,New,12637818
Lavasa,3,Furnished,Buy,New,11990737
Lavasa,3,Furnished,Buy,New,10502655
Lavasa,3,Furnished,Buy,New,11789711
Lavasa,3,Furnished,Buy,New,11319628
Lavasa,3,Furnished,Buy,New,10889934
Lavasa,3,Furnished,Buy,New,9599031
Lavasa,3,Furnished,Buy,New,11269315
Lavasa,3,Furnished,Buy,New,10885362
Lavasa,3,Furnished,Buy,New,12059600
Lavasa,3,Furnished,Buy,PreOwned,10440568
Lavasa,3,Furnished,Buy,PreOwned,9390490
Lavasa,3,Furnished,Buy,PreOwned,8904071
Lavasa,3,Furnished,Buy,PreOwned,9444605
Lavasa,3,Furnished,Buy,PreOwned,9635971
Lavasa,3,Furnished,Buy,PreOwned,10221017
Lavasa,3,Furnished,Buy,PreOwned,9772692
Lavasa,3,Furnished,Buy,PreOwned,10290982
Lavasa,3,Furnished,Buy,PreOwned,10488439
Lavasa,3,Furnished,Buy,PreOwned,9570042
Lavasa,3,Furnished,Buy,PreOwned,9735427
Lavasa,3,Furnished,Buy,PreOwned,9743734
Lavasa,3,Non-Furnished,Rent,None,33649
Lavasa,3,Non-Furnished,Rent,None,34164
Lavasa,3,Non-Furnished,Rent,None,33802
Lavasa,3,Non-Furnished,Rent,None,33670
Lavasa,3,Non-Furnished,Rent,None,35637
Lavasa,3,Non-Furnished,Rent,None,33262
Lavasa,3,Non-Furnished,Rent,None,36411
Lavasa,3,Non-Furnished,Rent,None,33218
Lavasa,3,Non-Furnished,Rent,None,33567
Lavasa,3,Non-Furnished,Rent,None,33931
Lavasa,3,Non-Furnished,Rent,None,36128
Lavasa,3,Non-Furnished,Rent,None,35681
Lavasa,3,Non-Furnished,Buy,New,10059871
Lavasa,3,Non-Furnished,Buy,New,9545742
Lavasa,3,Non-Furnished,Buy,New,10120095
Lavasa,3,Non-Furnished,Buy,New,9188045
Lavasa,3,Non-Furnished,Buy,New,9331709
Lavasa,3,Non-Furnished,Buy,New,9037704
Lavasa,3,Non-Furnished,Buy,New,10286301
Lavasa,3,Non-Furnished,Buy,New,9951312
Lavasa,3,Non-Furnished,Buy,New,10724277
Lavasa,3,Non-Furnished,Buy,New,10517435
Lavasa,3,Non-Furnished,Buy,New,10515947
Lavasa,3,Non-Furnished,Buy,New,10717836
Lavasa,3,Non-Furnished,Buy,PreOwned,8694404
Lavasa,3,Non-Furnished,Buy,PreOwned,8622620
Lavasa,3,Non-Furnished,Buy,PreOwned,8696086
Lavasa,3,Non-Furnished,Buy,PreOwned,8430511
Lavasa,3,Non-Furnished,Buy,PreOwned,8696827
Lavasa,3,Non-Furnished,Buy,PreOwned,8722654
Lavasa,3,Non-Furnished,Buy,PreOwned,8842826
Lavasa,3,Non-Furnished,Buy,PreOwned,8915642
Lavasa,3,Non-Furnished,Buy,PreOwned,8260985
Lavasa,3,Non-Furnished,Buy,PreOwned,8799104
Lavasa,3,Non-Furnished,Buy,PreOwned,8744433
Lavasa,3,Non-Furnished,Buy,PreOwned,8449311
Lavasa,4,Furnished,Rent,None,71772
Lavasa,4,Furnished,Rent,None,66267
Lavasa,4,Furnished,Rent,None,66505
Lavasa,4,Furnished,Rent,None,70993
Lavasa,4,Furnished,Rent,None,62988
Lavasa,4,Furnished,Rent,None,72789
Lavasa,4,Furnished,Rent,None,65490
Lavasa,4,Furnished,Rent,None,65323
Lavasa,4,Furnished,Rent,None,68481
Lavasa,4,Furnished,Rent,None,65945
Lavasa,4,Furnished,Rent,None,69789
Lavasa,4,Furnished,Rent,None,65007
Lavasa,4,Furnished,Buy,New,16526233
Lavasa,4,Furnished,Buy,New,18268986
Lavasa,4,Furnished,Buy,New,16776302
Lavasa,4,Furnished,Buy,New,15725031
Lavasa,4,Furnished,Buy,New,18118612
Lavasa,4,Furnished,Buy,New,15995122
Lavasa,4,Furnished,Buy,New,17622508
Lavasa,4,Furnished,Buy,New,16426485
Lavasa,4,Furnished,Buy,New,16512030
Lavasa,4,Furnished,Buy,New,16196880
Lavasa,4,Furnished,Buy,New,16010155
Lavasa,4,Furnished,Buy,New,16470664
Lavasa,4,Furnished,Buy,PreOwned,15404236
Lavasa,4,Furnished,Buy,PreOwned,15277482
Lavasa,4,Furnished,Buy,PreOwned,15509090
Lavasa,4,Furnished,Buy,PreOwned,16040924
Lavasa,4,Furnished,Buy,PreOwned,15652831
Lavasa,4,Furnished,Buy,PreOwned,15246626
Lavasa,4,Furnished,Buy,PreOwned,15715685
Lavasa,4,Furnished,Buy,PreOwned,15041729
Lavasa,4,Furnished,Buy,PreOwned,15297146
Lavasa,4,Furnished,Buy,PreOwned,14992194
Lavasa,4,Furnished,Buy,PreOwned,15265043
Lavasa,4,Furnished,Buy,PreOwned,14890889
Lavasa,4,Non-Furnished,Rent,None,62538
Lavasa,4,Non-Furnished,Rent,None,61789
Lavasa,4,Non-Furnished,Rent,None,61933
Lavasa,4,Non-Furnished,Rent,None,60493
Lavasa,4,Non-Furnished,Rent,None,61015
Lavasa,4,Non-Furnished,Rent,None,61005
Lavasa,4,Non-Furnished,Rent,None,60419
Lavasa,4,Non-Furnished,Rent,None,61461
Lavasa,4,Non-Furnished,Rent,None,62491
Lavasa,4,Non-Furnished,Rent,None,60386
Lavasa,4,Non-Furnished,Rent,None,62957
Lavasa,4,Non-Furnished,Rent,None,62311
Lavasa,4,Non-Furnished,Buy,New,15899639
Lavasa,4,Non-Furnished,Buy,New,16043302
Lavasa,4,Non-Furnished,Buy,New,15845943
Lavasa,4,Non-Furnished,Buy,New,14690686
Lavasa,4,Non-Furnished,Buy,New,15087436
Lavasa,4,Non-Furnished,Buy,New,16407881
Lavasa,4,Non-Furnished,Buy,New,16129199
Lavasa,4,Non-Furnished,Buy,New,15670604
Lavasa,4,Non-Furnished,Buy,New,16025378
Lavasa,4,Non-Furnished,Buy,New,16012445
Lavasa,4,Non-Furnished,Buy,New,15825988
Lavasa,4,Non-Furnished,Buy,New,15924588
Lavasa,4,Non-Furnished,Buy,PreOwned,13963191
Lavasa,4,Non-Furnished,Buy,PreOwned,13826471
Lavasa,4,Non-Furnished,Buy,PreOwned,13832912
Lavasa,4,Non-Furnished,Buy,PreOwned,14240068
Lavasa,4,Non-Furnished,Buy,PreOwned,14163478
Lavasa,4,Non-Furnished,Buy,PreOwned,14258221
Lavasa,4,Non-Furnished,Buy,PreOwned,14101478
Lavasa,4,Non-Furnished,Buy,PreOwned,14565285
Lavasa,4,Non-Furnished,Buy,PreOwned,14450924
Lavasa,4,Non-Furnished,Buy,PreOwned,13984055
Lavasa,4,Non-Furnished,Buy,PreOwned,14303822
Lavasa,4,Non-Furnished,Buy,PreOwned,14006410
Lavasa,5,Furnished,Rent,None,98242
Lavasa,5,Furnished,Rent,None,103072
Lavasa,5,Furnished,Rent,None,101839
Lavasa,5,Furnished,Rent,None,107011
Lavasa,5,Furnished,Rent,None,106859
Lavasa,5,Furnished,Rent,None,101369
Lavasa,5,Furnished,Rent,None,97109
Lavasa,5,Furnished,Rent,None,104914
Lavasa,5,Furnished,Rent,None,102476
Lavasa,5,Furnished,Rent,None,103526
Lavasa,5,Furnished,Rent,None,98675
Lavasa,5,Furnished,Rent,None,102973
Lavasa,5,Furnished,Buy,New,24556640
Lavasa,5,Furnished,Buy,New,24534835
Lavasa,5,Furnished,Buy,New,24479706
Lavasa,5,Furnished,Buy,New,25439756
Lavasa,5,Furnished,Buy,New,25610542
Lavasa,5,Furnished,Buy,New,25271278
Lavasa,5,Furnished,Buy,New,23440711
Lavasa,5,Furnished,Buy,New,24240454
Lavasa,5,Furnished,Buy,New,25065549
Lavasa,5,Furnished,Buy,New,25523436
Lavasa,5,Furnished,Buy,New,23282995
Lavasa,5,Furnished,Buy,New,23912753
Lavasa,5,Furnished,Buy,PreOwned,22833772
Lavasa,5,Furnished,Buy,PreOwned,23255329
Lavasa,5,Furnished,Buy,PreOwned,22333460
Lavasa,5,Furnished,Buy,PreOwned,23085797
Lavasa,5,Furnished,Buy,PreOwned,23071105
Lavasa,5,Furnished,Buy,PreOwned,22920605
Lavasa,5,Furnished,Buy,PreOwned,22968020
Lavasa,5,Furnished,Buy,PreOwned,22968351
Lavasa,5,Furnished,Buy,PreOwned,23117449
Lavasa,5,Furnished,Buy,PreOwned,22667209
Lavasa,5,Furnished,Buy,PreOwned,23322108
Lavasa,5,Furnished,Buy,PreOwned,23735481
Lavasa,5,Non-Furnished,Rent,None,95666
Lavasa,5,Non-Furnished,Rent,None,93018
Lavasa,5,Non-Furnished,Rent,None,97880
Lavasa,5,Non-Furnished,Rent,None,95400
Lavasa,5,Non-Furnished,Rent,None,94629
Lavasa,5,Non-Furnished,Rent,None,93875
Lavasa,5,Non-Furnished,Rent,None,93409
Lavasa,5,Non-Furnished,Rent,None,93521
Lavasa,5,Non-Furnished,Rent,None,97762
Lavasa,5,Non-Furnished,Rent,None,94827
Lavasa,5,Non-Furnished,Rent,None,97356
Lavasa,5,Non-Furnished,Rent,None,96958
Lavasa,5,Non-Furnished,Buy,New,24267499
Lavasa,5,Non-Furnished,Buy,New,23778377
Lavasa,5,Non-Furnished,Buy,New,24806274
Lavasa,5,Non-Furnished,Buy,New,23618839
Lavasa,5,Non-Furnished,Buy,New,23850035
Lavasa,5,Non-Furnished,Buy,New,24006869
Lavasa,5,Non-Furnished,Buy,New,24149361
Lavasa,5,Non-Furnished,Buy,New,23192750
Lavasa,5,Non-Furnished,Buy,New,24336532
Lavasa,5,Non-Furnished,Buy,New,22995325
Lavasa,5,Non-Furnished,Buy,New,24406981
Lavasa,5,Non-Furnished,Buy,New,22952348
Lavasa,5,Non-Furnished,Buy,PreOwned,22047853
Lavasa,5,Non-Furnished,Buy,PreOwned,21823808
Lavasa,5,Non-Furnished,Buy,PreOwned,22268500
Lavasa,5,Non-Furnished,Buy,PreOwned,22289938
Lavasa,5,Non-Furnished,Buy,PreOwned,22122284
Lavasa,5,Non-Furnished,Buy,PreOwned,22368268
Lavasa,5,Non-Furnished,Buy,PreOwned,21992818
Lavasa,5,Non-Furnished,Buy,PreOwned,21991552
Lavasa,5,Non-Furnished,Buy,PreOwned,21751589
Lavasa,5,Non-Furnished,Buy,PreOwned,21887010
Lavasa,5,Non-Furnished,Buy,PreOwned,22057227
Lavasa,5,Non-Furnished,Buy,PreOwned,21981225
Mulshi,1,Furnished,Rent,None,18570
Mulshi,1,Furnished,Rent,None,22223
Mulshi,1,Furnished,Rent,None,18160
Mulshi,1,Furnished,Rent,None,21359
Mulshi,1,Furnished,Rent,None,17681
Mulshi,1,Furnished,Rent,None,14486
Mulshi,1,Furnished,Rent,None,20988
Mulshi,1,Furnished,Rent,None,20320
Mulshi,1,Furnished,Rent,None,22234
Mulshi,1,Furnished,Rent,None,18093
Mulshi,1,Furnished,Rent,None,18770
Mulshi,1,Furnished,Rent,None,24895
Mulshi,1,Furnished,Buy,New,4690922
Mulshi,1,Furnished,Buy,New,4981076
Mulshi,1,Furnished,Buy,New,4646305
Mulshi,1,Furnished,Buy,New,4276927
Mulshi,1,Furnished,Buy,New,4996312
Mulshi,1,Furnished,Buy,New,4408351
Mulshi,1,Furnished,Buy,New,5154343
Mulshi,1,Furnished,Buy,New,4451394
Mulshi,1,Furnished,Buy,New,4573774
Mulshi,1,Furnished,Buy,New,4982350
Mulshi,1,Furnished,Buy,New,6121152
Mulshi,1,Furnished,Buy,New,3930259
Mulshi,1,Furnished,Buy,PreOwned,3293123
Mulshi,1,Furnished,Buy,PreOwned,3379994
Mulshi,1,Furnished,Buy,PreOwned,3574482
Mulshi,1,Furnished,Buy,PreOwned,3484859
Mulshi,1,Furnished,Buy,PreOwned,3497519
Mulshi,1,Furnished,Buy,PreOwned,4104188
Mulshi,1,Furnished,Buy,PreOwned,3320041
Mulshi,1,Furnished,Buy,PreOwned,3226462
Mulshi,1,Furnished,Buy,PreOwned,2824583
Mulshi,1,Furnished,Buy,PreOwned,3088538
Mulshi,1,Furnished,Buy,PreOwned,3622671
Mulshi,1,Furnished,Buy,PreOwned,4559378
Mulshi,1,Non-Furnished,Rent,None,11967
Mulshi,1,Non-Furnished,Rent,None,11118
Mulshi,1,Non-Furnished,Rent,None,10914
Mulshi,1,Non-Furnished,Rent,None,13677
Mulshi,1,Non-Furnished,Rent,None,12028
Mulshi,1,Non-Furnished,Rent,None,12558
Mulshi,1,Non-Furnished,Rent,None,10106
Mulshi,1,Non-Furnished,Rent,None,13986
Mulshi,1,Non-Furnished,Rent,None,12230
Mulshi,1,Non-Furnished,Rent,None,13560
Mulshi,1,Non-Furnished,Rent,None,10974
Mulshi,1,Non-Furnished,Rent,None,10066
Mulshi,1,Non-Furnished,Buy,New,3734894
Mulshi,1,Non-Furnished,Buy,New,4442439
Mulshi,1,Non-Furnished,Buy,New,3599723
Mulshi,1,Non-Furnished,Buy,New,3579694
Mulshi,1,Non-Furnished,Buy,New,4444419
Mulshi,1,Non-Furnished,Buy,New,3719267
Mulshi,1,Non-Furnished,Buy,New,4580346
Mulshi,1,Non-Furnished,Buy,New,4034901
Mulshi,1,Non-Furnished,Buy,New,3548026
Mulshi,1,Non-Furnished,Buy,New,4873240
Mulshi,1,Non-Furnished,Buy,New,4171467
Mulshi,1,Non-Furnished,Buy,New,4621215
Mulshi,1,Non-Furnished,Buy,PreOwned,2434588
Mulshi,1,Non-Furnished,Buy,PreOwned,2645370
Mulshi,1,Non-Furnished,Buy,PreOwned,3045256
Mulshi,1,Non-Furnished,Buy,PreOwned,2935236
Mulshi,1,Non-Furnished,Buy,PreOwned,2211822
Mulshi,1,Non-Furnished,Buy,PreOwned,2560166
Mulshi,1,Non-Furnished,Buy,PreOwned,2262601
Mulshi,1,Non-Furnished,Buy,PreOwned,2390141
Mulshi,1,Non-Furnished,Buy,PreOwned,2385962
Mulshi,1,Non-Furnished,Buy,PreOwned,2993979
Mulshi,1,Non-Furnished,Buy,PreOwned,2574944
Mulshi,1,Non-Furnished,Buy,PreOwned,2437584
Mulshi,2,Furnished,Rent,None,30006
Mulshi,2,Furnished,Rent,None,27554
Mulshi,2,Furnished,Rent,None,28015
Mulshi,2,Furnished,Rent,None,25881
Mulshi,2,Furnished,Rent,None,31708
Mulshi,2,Furnished,Rent,None,23700
Mulshi,2,Furnished,Rent,None,26901
Mulshi,2,Furnished,Rent,None,33369
Mulshi,2,Furnished,Rent,None,25119
Mulshi,2,Furnished,Rent,None,24088
Mulshi,2,Furnished,Rent,None,31296
Mulshi,2,Furnished,Rent,None,28259
Mulshi,2,Furnished,Buy,New,6943395
Mulshi,2,Furnished,Buy,New,6289175
Mulshi,2,Furnished,Buy,New,8320577
Mulshi,2,Furnished,Buy,New,6257422
Mulshi,2,Furnished,Buy,New,8492084
Mulshi,2,Furnished,Buy,New,6854423
Mulshi,2,Furnished,Buy,New,8027069
Mulshi,2,Furnished,Buy,New,8111936
Mulshi,2,Furnished,Buy,New,7311871
Mulshi,2,Furnished,Buy,New,8267326
Mulshi,2,Furnished,Buy,New,9330739
Mulshi,2,Furnished,Buy,New,7216189
Mulshi,2,Furnished,Buy,PreOwned,6471839
Mulshi,2,Furnished,Buy,PreOwned,6150116
Mulshi,2,Furnished,Buy,PreOwned,5800475
Mulshi,2,Furnished,Buy,PreOwned,6152867
Mulshi,2,Furnished,Buy,PreOwned,6760461
Mulshi,2,Furnished,Buy,PreOwned,6305559
Mulshi,2,Furnished,Buy,PreOwned,6436429
Mulshi,2,Furnished,Buy,PreOwned,6703842
Mulshi,2,Furnished,Buy,PreOwned,6678919
Mulshi,2,Furnished,Buy,PreOwned,5799635
Mulshi,2,Furnished,Buy,PreOwned,6647141
Mulshi,2,Furnished,Buy,PreOwned,5469676
Mulshi,2,Non-Furnished,Rent,None,19702
Mulshi,2,Non-Furnished,Rent,None,22739
Mulshi,2,Non-Furnished,Rent,None,19321
Mulshi,2,Non-Furnished,Rent,None,21851
Mulshi,2,Non-Furnished,Rent,None,19704
Mulshi,2,Non-Furnished,Rent,None,22733
Mulshi,2,Non-Furnished,Rent,None,18818
Mulshi,2,Non-Furnished,Rent,None,18599
Mulshi,2,Non-Furnished,Rent,None,18915
Mulshi,2,Non-Furnished,Rent,None,19315
Mulshi,2,Non-Furnished,Rent,None,20810
Mulshi,2,Non-Furnished,Rent,None,22721
Mulshi,2,Non-Furnished,Buy,New,7624300
Mulshi,2,Non-Furnished,Buy,New,6744702
Mulshi,2,Non-Furnished,Buy,New,5982623
Mulshi,2,Non-Furnished,Buy,New,6430900
Mulshi,2,Non-Furnished,Buy,New,6603415
Mulshi,2,Non-Furnished,Buy,New,5851432
Mulshi,2,Non-Furnished,Buy,New,5581351
Mulshi,2,Non-Furnished,Buy,New,6501890
Mulshi,2,Non-Furnished,Buy,New,7075275
Mulshi,2,Non-Furnished,Buy,New,7140316
Mulshi,2,Non-Furnished,Buy,New,7744433
Mulshi,2,Non-Furnished,Buy,New,6074508
Mulshi,2,Non-Furnished,Buy,PreOwned,5219707
Mulshi,2,Non-Furnished,Buy,PreOwned,4918429
Mulshi,2,Non-Furnished,Buy,PreOwned,4743402
Mulshi,2,Non-Furnished,Buy,PreOwned,5216722
Mulshi,2,Non-Furnished,Buy,PreOwned,4893688
Mulshi,2,Non-Furnished,Buy,PreOwned,5505079
Mulshi,2,Non-Furnished,Buy,PreOwned,5200105
Mulshi,2,Non-Furnished,Buy,PreOwned,4990456
Mulshi,2,Non-Furnished,Buy,PreOwned,5002836
Mulshi,2,Non-Furnished,Buy,PreOwned,5333158
Mulshi,2,Non-Furnished,Buy,PreOwned,4822811
Mulshi,2,Non-Furnished,Buy,PreOwned,5199176
Mulshi,3,Furnished,Rent,None,48378
Mulshi,3,Furnished,Rent,None,40754
Mulshi,3,Furnished,Rent,None,45664
Mulshi,3,Furnished,Rent,None,36938
Mulshi,3,Furnished,Rent,None,48156
Mulshi,3,Furnished,Rent,None,43212
Mulshi,3,Furnished,Rent,None,45511
Mulshi,3,Furnished,Rent,None,41527
Mulshi,3,Furnished,Rent,None,46553
Mulshi,3,Furnished,Rent,None,43136
Mulshi,3,Furnished,Rent,None,44378
Mulshi,3,Furnished,Rent,None,40964
Mulshi,3,Furnished,Buy,New,10816284
Mulshi,3,Furnished,Buy,New,10773190
Mulshi,3,Furnished,Buy,New,11489423
Mulshi,3,Furnished,Buy,New,9972676
Mulshi,3,Furnished,Buy,New,10704185
Mulshi,3,Furnished,Buy,New,10864447
Mulshi,3,Furnished,Buy,New,12759972
Mulshi,3,Furnished,Buy,New,12367200
Mulshi,3,Furnished,Buy,New,10605438
Mulshi,3,Furnished,Buy,New,10713963
Mulshi,3,Furnished,Buy,New,12114735
Mulshi,3,Furnished,Buy,New,9761267
Mulshi,3,Furnished,Buy,PreOwned,9133093
Mulshi,3,Furnished,Buy,PreOwned,9216528
Mulshi,3,Furnished,Buy,PreOwned,9545112
Mulshi,3,Furnished,Buy,PreOwned,10281057
Mulshi,3,Furnished,Buy,PreOwned,9603475
Mulshi,3,Furnished,Buy,PreOwned,10114343
Mulshi,3,Furnished,Buy,PreOwned,9512251
Mulshi,3,Furnished,Buy,PreOwned,10331253
Mulshi,3,Furnished,Buy,PreOwned,9992665
Mulshi,3,Furnished,Buy,PreOwned,9984607
Mulshi,3,Furnished,Buy,PreOwned,9265296
Mulshi,3,Furnished,Buy,PreOwned,10238703
Mulshi,3,Non-Furnished,Rent,None,34866
Mulshi,3,Non-Furnished,Rent,None,37912
Mulshi,3,Non-Furnished,Rent,None,35906
Mulshi,3,Non-Furnished,Rent,None,37995
Mulshi,3,Non-Furnished,Rent,None,35687
Mulshi,3,Non-Furnished,Rent,None,37807
Mulshi,3,Non-Furnished,Rent,None,35976
Mulshi,3,Non-Furnished,Rent,None,34908
Mulshi,3,Non-Furnished,Rent,None,33830
Mulshi,3,Non-Furnished,Rent,None,37788
Mulshi,3,Non-Furnished,Rent,None,37013
Mulshi,3,Non-Furnished,Rent,None,35546
Mulshi,3,Non-Furnished,Buy,New,9995246
Mulshi,3,Non-Furnished,Buy,New,10351240
Mulshi,3,Non-Furnished,Buy,New,10604654
Mulshi,3,Non-Furnished,Buy,New,11409862
Mulshi,3,Non-Furnished,Buy,New,9848164
Mulshi,3,Non-Furnished,Buy,New,10198160
Mulshi,3,Non-Furnished,Buy,New,10341824
Mulshi,3,Non-Furnished,Buy,New,9225844
Mulshi,3,Non-Furnished,Buy,New,10232700
Mulshi,3,Non-Furnished,Buy,New,9688951
Mulshi,3,Non-Furnished,Buy,New,10757895
Mulshi,3,Non-Furnished,Buy,New,11063529
Mulshi,3,Non-Furnished,Buy,PreOwned,8752219
Mulshi,3,Non-Furnished,Buy,PreOwned,9048818
Mulshi,3,Non-Furnished,Buy,PreOwned,8758509
Mulshi,3,Non-Furnished,Buy,PreOwned,8372275
Mulshi,3,Non-Furnished,Buy,PreOwned,8755189
Mulshi,3,Non-Furnished,Buy,PreOwned,8227216
Mulshi,3,Non-Furnished,Buy,PreOwned,8433981
Mulshi,3,Non-Furnished,Buy,PreOwned,8745335
Mulshi,3,Non-Furnished,Buy,PreOwned,8530371
Mulshi,3,Non-Furnished,Buy,PreOwned,8955918
Mulshi,3,Non-Furnished,Buy,PreOwned,8569573
Mulshi,3,Non-Furnished,Buy,PreOwned,8838942
Mulshi,4,Furnished,Rent,None,71543
Mulshi,4,Furnished,Rent,None,70751
Mulshi,4,Furnished,Rent,None,69308
Mulshi,4,Furnished,Rent,None,70013
Mulshi,4,Furnished,Rent,None,69634
Mulshi,4,Furnished,Rent,None,67818
Mulshi,4,Furnished,Rent,None,74158
Mulshi,4,Furnished,Rent,None,71078
Mulshi,4,Furnished,Rent,None,69609
Mulshi,4,Furnished,Rent,None,66985
Mulshi,4,Furnished,Rent,None,66021
Mulshi,4,Furnished,Rent,None,63357
Mulshi,4,Furnished,Buy,New,16921986
Mulshi,4,Furnished,Buy,New,15841239
Mulshi,4,Furnished,Buy,New,15281235
Mulshi,4,Furnished,Buy,New,17150848
Mulshi,4,Furnished,Buy,New,16559617
Mulshi,4,Furnished,Buy,New,17151124
Mulshi,4,Furnished,Buy,New,16354019
Mulshi,4,Furnished,Buy,New,16396503
Mulshi,4,Furnished,Buy,New,15823764
Mulshi,4,Furnished,Buy,New,17329350
Mulshi,4,Furnished,Buy,New,17663411
Mulshi,4,Furnished,Buy,New,17074277
Mulshi,4,Furnished,Buy,PreOwned,14908595
Mulshi,4,Furnished,Buy,PreOwned,14887197
Mulshi,4,Furnished,Buy,PreOwned,14677044
Mulshi,4,Furnished,Buy,PreOwned,14954668
Mulshi,4,Furnished,Buy,PreOwned,15428258
Mulshi,4,Furnished,Buy,PreOwned,14999414
Mulshi,4,Furnished,Buy,PreOwned,15281804
Mulshi,4,Furnished,Buy,PreOwned,15422718
Mulshi,4,Furnished,Buy,PreOwned,15233414
Mulshi,4,Furnished,Buy,PreOwned,15176110
Mulshi,4,Furnished,Buy,PreOwned,15913727
Mulshi,4,Furnished,Buy,PreOwned,14427932
Mulshi,4,Non-Furnished,Rent,None,58171
Mulshi,4,Non-Furnished,Rent,None,61569
Mulshi,4,Non-Furnished,Rent,None,58375
Mulshi,4,Non-Furnished,Rent,None,59371
Mulshi,4,Non-Furnished,Rent,None,62238
Mulshi,4,Non-Furnished,Rent,None,60949
Mulshi,4,Non-Furnished,Rent,None,62478
Mulshi,4,Non-Furnished,Rent,None,59063
Mulshi,4,Non-Furnished,Rent,None,60938
Mulshi,4,Non-Furnished,Rent,None,62908
Mulshi,4,Non-Furnished,Rent,None,60347
Mulshi,4,Non-Furnished,Rent,None,59095
Mulshi,4,Non-Furnished,Buy,New,16269818
Mulshi,4,Non-Furnished,Buy,New,15689486
Mulshi,4,Non-Furnished,Buy,New,15995952
Mulshi,4,Non-Furnished,Buy,New,16368678
Mulshi,4,Non-Furnished,Buy,New,16031904
Mulshi,4,Non-Furnished,Buy,New,14810113
Mulshi,4,Non-Furnished,Buy,New,16085958
Mulshi,4,Non-Furnished,Buy,New,16452238
Mulshi,4,Non-Furnished,Buy,New,14636183
Mulshi,4,Non-Furnished,Buy,New,15521789
Mulshi,4,Non-Furnished,Buy,New,16271071
Mulshi,4,Non-Furnished,Buy,New,16155047
Mulshi,4,Non-Furnished,Buy,PreOwned,14572366
Mulshi,4,Non-Furnished,Buy,PreOwned,14188212
Mulshi,4,Non-Furnished,Buy,PreOwned,13854191
Mulshi,4,Non-Furnished,Buy,PreOwned,14449924
Mulshi,4,Non-Furnished,Buy,PreOwned,14393743
Mulshi,4,Non-Furnished,Buy,PreOwned,13872588
Mulshi,4,Non-Furnished,Buy,PreOwned,14307983
Mulshi,4,Non-Furnished,Buy,PreOwned,14080758
Mulshi,4,Non-Furnished,Buy,PreOwned,14428053
Mulshi,4,Non-Furnished,Buy,PreOwned,14315450
Mulshi,4,Non-Furnished,Buy,PreOwned,14507782
Mulshi,4,Non-Furnished,Buy,PreOwned,14534649
Mulshi,5,Furnished,Rent,None,104443
Mulshi,5,Furnished,Rent,None,102878
Mulshi,5,Furnished,Rent,None,103839
Mulshi,5,Furnished,Rent,None,101184
Mulshi,5,Furnished,Rent,None,99823
Mulshi,5,Furnished,Rent,None,104080
Mulshi,5,Furnished,Rent,None,104046
Mulshi,5,Furnished,Rent,None,108953
Mulshi,5,Furnished,Rent,None,106640
Mulshi,5,Furnished,Rent,None,107739
Mulshi,5,Furnished,Rent,None,101668
Mulshi,5,Furnished,Rent,None,108822
Mulshi,5,Furnished,Buy,New,24749219
Mulshi,5,Furnished,Buy,New,25352611
Mulshi,5,Furnished,Buy,New,24854844
Mulshi,5,Furnished,Buy,New,24375501
Mulshi,5,Furnished,Buy,New,25196048
Mulshi,5,Furnished,Buy,New,24228002
Mulshi,5,Furnished,Buy,New,24492071
Mulshi,5,Furnished,Buy,New,25710388
Mulshi,5,Furnished,Buy,New,25504191
Mulshi,5,Furnished,Buy,New,23021931
Mulshi,5,Furnished,Buy,New,23264573
Mulshi,5,Furnished,Buy,New,25577902
Mulshi,5,Furnished,Buy,PreOwned,23365081
Mulshi,5,Furnished,Buy,PreOwned,23211580
Mulshi,5,Furnished,Buy,PreOwned,23450951
Mulshi,5,Furnished,Buy,PreOwned,23686379
Mulshi,5,Furnished,Buy,PreOwned,23653341
Mulshi,5,Furnished,Buy,PreOwned,23175377
Mulshi,5,Furnished,Buy,PreOwned,22774337
Mulshi,5,Furnished,Buy,PreOwned,23529478
Mulshi,5,Furnished,Buy,PreOwned,22976859
Mulshi,5,Furnished,Buy,PreOwned,23953083
Mulshi,5,Furnished,Buy,PreOwned,22433783
Mulshi,5,Furnished,Buy,PreOwned,22840579
Mulshi,5,Non-Furnished,Rent,None,96065
Mulshi,5,Non-Furnished,Rent,None,96612
Mulshi,5,Non-Furnished,Rent,None,96656
Mulshi,5,Non-Furnished,Rent,None,95793
Mulshi,5,Non-Furnished,Rent,None,94412
Mulshi,5,Non-Furnished,Rent,None,96952
Mulshi,5,Non-Furnished,Rent,None,93881
Mulshi,5,Non-Furnished,Rent,None,95871
Mulshi,5,Non-Furnished,Rent,None,95826
Mulshi,5,Non-Furnished,Rent,None,93842
Mulshi,5,Non-Furnished,Rent,None,93622
Mulshi,5,Non-Furnished,Rent,None,93542
Mulshi,5,Non-Furnished,Buy,New,24162196
Mulshi,5,Non-Furnished,Buy,New,23049141
Mulshi,5,Non-Furnished,Buy,New,22715298
Mulshi,5,Non-Furnished,Buy,New,24135209
Mulshi,5,Non-Furnished,Buy,New,23055359
Mulshi,5,Non-Furnished,Buy,New,24445995
Mulshi,5,Non-Furnished,Buy,New,24788122
Mulshi,5,Non-Furnished,Buy,New,23723675
Mulshi,5,Non-Furnished,Buy,New,24563846
Mulshi,5,Non-Furnished,Buy,New,24213714
Mulshi,5,Non-Furnished,Buy,New,24010736
Mulshi,5,Non-Furnished,Buy,New,23540942
Mulshi,5,Non-Furnished,Buy,PreOwned,21848108
Mulshi,5,Non-Furnished,Buy,PreOwned,22496448
Mulshi,5,Non-Furnished,Buy,PreOwned,22284823
Mulshi,5,Non-Furnished,Buy,PreOwned,22521095
Mulshi,5,Non-Furnished,Buy,PreOwned,22014431
Mulshi,5,Non-Furnished,Buy,PreOwned,22193458
Mulshi,5,Non-Furnished,Buy,PreOwned,21969807
Mulshi,5,Non-Furnished,Buy,PreOwned,22091339
Mulshi,5,Non-Furnished,Buy,PreOwned,21813328
Mulshi,5,Non-Furnished,Buy,PreOwned,22291974
Mulshi,5,Non-Furnished,Buy,PreOwned,22013130
Mulshi,5,Non-Furnished,Buy,PreOwned,21935114
